"Geographic Area Name (NAME)","2017 NAICS code (NAICS2017)","Meaning of NAICS Code (NAICS2017_LABEL)","Year (YEAR)","Total fringe benefits ($1,000) (BENEFIT)","Relative standard error for estimate of total fringe benefits (%) (BENEFIT_S)","Total cost of materials ($1,000) (CSTMTOT)","Relative standard error for estimate of total cost of materials  (%) (CSTMTOT_S)","Cost of materials, packaging, etc. used ($1,000) (CSTMPRT)","Relative standard error for estimate of cost of materials, packaging, etc. used(%) (CSTMPRT_S)","Cost of resales ($1,000) (CSTRSL)","Relative standard error for estimate of cost of resales (%) (CSTRSL_S)","Cost of purchased fuels consumed ($1,000) (CSTFU)","Relative standard error for estimate of cost of purchased fuels consumed (%) (CSTFU_S)","Cost of purchased electricity ($1,000) (CSTELEC)","Relative standard error for estimate of cost of purchased electricity (%) (CSTELEC_S)","Cost of contract work ($1,000) (CSTCNT)","Relative standard error for estimate of cost of contract work (%) (CSTCNT_S)","Quantity of electricity purchased for heat and power (1,000 kWh) (ELECPCH)","Relative standard error for estimate of quantity of electricity purchased for heat and power (%) (ELECPCH_S)","Quantity of generated electricity (1,000 kWh) (ELECGEN)","Relative standard error for estimate of quantity of generated electricity (%) (ELECGEN_S)","Quantity of electricity sold or transferred (1,000 kWh) (ELECSLD)","Relative standard error for estimate of quantity of electricity sold or transferred (%) (ELECSLD_S)","Total inventories, beginning of year ($1,000) (INVTOTB)","Relative standard error for estimate of total inventories, beginning of year (%) (INVTOTB_S)","Finished goods inventories, beginning of year ($1,000) (INVFINB)","Relative standard error for estimate of finished goods inventories, beginning of year (%) (INVFINB_S)","Work-in-process inventories, beginning of year ($1,000) (INVWIPB)","Relative standard error for estimate of work-in-process inventories, beginning of year (%) (INVWIPB_S)","Materials and supplies inventories, beginning of year ($1,000) (INVMATB)","Relative standard error for estimate of materials and supplies inventories, beginning of year (%) (INVMATB_S)","Total inventories, end of year ($1,000) (INVTOTE)","Relative standard error for estimate of total inventories, end of year (%) (INVTOTE_S)","Finished goods inventories, end of year ($1,000) (INVFINE)","Relative standard error for estimate of finished goods inventories, end of year (%) (INVFINE_S)","Work-in-process inventories, end of year ($1,000) (INVWIPE)","Relative standard error for estimate of work-in-process inventories, end of year (%) (INVWIPE_S)","Materials and supplies inventories, end of year ($1,000) (INVMATE)","Relative standard error for estimate of materials and supplies inventories, end of year  (%) (INVMATE_S)","Total capital expenditures (new and used) ($1,000) (CEXTOT)","Relative standard error for estimate of total capital expenditures (new and used)  (%) (CEXTOT_S)","Capital expenditures for buildings and other structures ($1,000) (CEXBLD)","Relative standard error for estimate of capital expenditures for buildings and other structures (%) (CEXBLD_S)","Capital expenditures for machinery and equipment ($1,000) (CEXMCH)","Relative standard error for estimate of capital expenditures for machinery and equipment (%) (CEXMCH_S)","Capital expenditures for automobiles, trucks, etc. for highway use ($1,000) (CEXMCHA)","Relative standard error for estimate of capital expenditures for automobiles, trucks, etc. for highway use (%) (CEXMCHA_S)","Capital expenditures for computers and peripheral data processing equipment ($1,000) (CEXMCHC)","Relative standard error for estimate of capital expenditures for computers and peripheral data processing equipment (%)  (CEXMCHC_S)","Capital expenditures for all other machinery and equipment ($1,000) (CEXMCHO)","Relative standard error for estimate of capital expenditures for all other machinery and equipment (%) (CEXMCHO_S)"
"Alabama","31-33","Manufacturing","2018","3,960,343","0.6","85,954,386","0.2","80,508,827","0.2","1,951,777","1.2","932,556","0.2","1,621,485","0.6","939,740","1.4","27,966,848","0.6","3,691,405","0.1","D","D","12,708,552","0.2","5,306,485","0.6","2,227,364","0.6","5,174,703","0.8","13,312,845","0.3","5,514,109","0.5","2,231,340","0.6","5,567,396","0.6","5,936,595","1.3","1,089,736","1.3","4,846,859","1.5","148,495","4.7","78,728","2.6","4,619,636","1.4"
"Alabama","31-33","Manufacturing","2019","4,110,472","1.5","85,609,204","1.3","79,572,011","1.2","2,333,881","1.2","936,319","6.2","1,750,569","6.2","1,016,424","1.7","28,903,314","6.3","3,728,816","0.1","D","D","13,274,749","0.4","5,524,329","0.7","2,209,022","1.2","5,541,397","0.5","13,994,830","2.1","5,719,149","2.6","2,204,685","2.8","6,070,996","2.2","5,832,879","1.0","782,466","1.7","5,050,413","1.1","148,038","4.6","140,573","8.9","4,761,803","0.9"
"Alabama","31-33","Manufacturing","2020","3,990,119","1.6","80,218,234","1.5","74,776,054","1.3","2,122,147","1.5","818,330","7.6","1,576,024","7.4","925,680","2.1","26,532,142","7.5","3,832,210","0.1","248,640","0.0","13,963,472","2.1","5,720,658","2.6","2,194,996","2.8","6,047,818","2.3","12,952,943","1.9","4,797,998","2.2","2,155,526","2.8","5,999,420","2.4","5,299,577","1.9","964,751","2.1","4,334,826","2.2","129,774","4.9","99,024","1.1","4,106,029","2.3"
"Alabama","31-33","Manufacturing","2021","4,212,399","1.6","94,237,754","1.4","87,863,777","1.2","2,348,074","1.5","1,134,511","14.3","1,806,295","6.8","1,085,098","6.3","29,070,495","6.2","4,506,754","0.1","170,199","0.0","12,812,655","1.9","4,787,003","2.3","2,114,834","3.0","5,910,818","2.4","16,349,395","1.7","6,186,848","1.9","2,517,634","2.5","7,644,914","2.0","5,644,930","3.0","1,083,515","2.0","4,561,415","3.6","118,041","4.7","110,636","1.3","4,332,738","3.8"
"Alaska","31-33","Manufacturing","2018","139,258","1.5","5,061,499","0.8","4,854,089","0.9","37,511","0.6","90,362","0.5","50,180","1.2","29,357","0.2","277,312","1.6","126,025","0.0","D","D","549,133","2.6","355,215","4.1","48,515","0.1","145,404","2.3","716,750","1.9","481,903","2.3","58,760","0.2","176,087","4.4","237,221","14.0","D","D","D","D","7,233","1.9","D","D","192,909","8.2"
"Alaska","31-33","Manufacturing","2019","149,000","1.9","4,661,336","0.4","4,468,084","0.4","38,448","3.8","75,625","1.1","D","D","D","D","324,936","0.7","D","D","D","D","632,192","1.6","360,315","1.9","53,138","8.8","218,740","1.6","744,461","4.5","D","D","D","D","D","D","138,526","3.7","20,733","6.4","117,792","3.6","4,189","15.2","3,407","15.8","110,195","3.5"
"Alaska","31-33","Manufacturing","2020","136,701","2.0","3,342,631","1.5","3,167,727","1.6","37,418","1.6","68,574","1.3","40,366","0.9","28,547","8.4","294,411","0.8","99,474","8.1","D","D","717,698","4.3","432,680","6.7","50,273","8.1","234,745","1.5","592,274","3.8","330,597","6.4","40,700","2.7","220,978","1.8","133,573","1.3","D","D","D","D","D","D","D","D","105,420","1.1"
"Alaska","31-33","Manufacturing","2021","142,911","2.2","4,462,706","1.0","4,291,141","1.0","25,481","2.4","82,755","1.0","41,250","1.4","22,079","10.8","299,302","1.2","106,525","10.3","D","D","588,780","3.9","D","D","D","D","206,021","5.1","616,365","2.4","D","D","D","D","250,009","2.3","461,845","1.1","46,415","2.1","415,429","1.0","6,031","4.0","4,502","0.4","404,897","0.9"
"Arizona","31-33","Manufacturing","2018","3,037,258","0.5","28,099,405","0.4","26,062,414","0.4","698,846","2.7","167,234","0.7","532,523","0.5","638,388","1.8","5,986,580","0.5","1,277","26.4","D","D","6,596,679","0.4","2,669,921","0.5","1,668,731","0.4","2,258,027","0.7","6,693,817","0.4","2,682,392","0.6","1,755,627","0.5","2,255,798","0.8","4,061,365","0.5","1,652,302","0.1","2,409,063","0.8","54,449","5.5","101,101","1.3","2,253,513","0.8"
"Arizona","31-33","Manufacturing","2019","3,138,622","0.5","28,680,221","0.5","26,767,073","0.5","659,278","3.0","168,149","2.3","526,028","0.6","559,693","3.4","5,979,211","0.7","1,137","26.6","D","D","7,056,454","1.4","3,033,817","1.1","1,704,719","1.3","2,317,918","3.4","7,327,849","1.3","2,897,603","1.3","1,959,263","1.2","2,470,983","2.8","3,150,959","1.3","241,589","7.1","2,909,371","1.1","68,193","33.7","88,679","1.9","2,752,499","0.7"
"Arizona","31-33","Manufacturing","2020","3,207,075","0.6","28,934,639","0.7","27,000,635","0.7","739,920","3.3","141,890","2.6","511,537","0.8","540,658","4.9","5,814,746","0.9","1,112","27.2","D","D","7,619,785","1.4","3,062,469","1.3","2,139,291","1.2","2,418,024","3.3","7,517,933","1.3","2,693,307","1.4","2,245,929","1.2","2,578,697","2.5","3,207,110","1.4","231,159","7.1","2,975,952","1.2","66,857","34.4","67,979","6.8","2,841,116","0.8"
"Arizona","31-33","Manufacturing","2021","3,318,070","0.6","32,831,438","0.7","30,758,189","0.7","736,643","2.7","178,834","3.0","572,014","0.8","585,758","4.9","6,316,505","0.9","924","28.9","D","D","7,704,383","1.3","2,916,870","1.4","2,232,194","1.2","2,555,319","2.9","8,317,226","1.1","2,933,688","1.1","2,596,235","1.0","2,787,302","2.3","2,228,174","2.2","351,362","3.0","1,876,812","2.5","64,311","35.8","70,518","6.3","1,741,983","2.0"
"Arkansas","31-33","Manufacturing","2018","2,113,792","0.3","34,854,872","0.3","32,477,912","0.3","763,540","1.4","395,163","0.4","833,838","0.4","384,418","1.4","14,345,752","0.3","1,340,343","0.6","0","X","6,178,516","0.3","2,545,111","0.5","1,184,958","0.6","2,448,447","0.3","6,630,554","0.4","2,608,102","0.8","1,303,426","1.5","2,719,026","0.8","2,994,280","1.0","1,230,180","1.4","1,764,100","1.0","60,217","7.3","36,862","3.8","1,667,021","1.0"
"Arkansas","31-33","Manufacturing","2019","2,092,864","0.4","37,527,347","0.3","35,211,464","0.3","640,649","2.6","380,342","0.9","833,199","0.3","461,694","1.7","14,531,570","0.2","1,269,957","0.1","D","D","6,477,009","0.4","2,531,581","0.8","1,264,819","0.4","2,680,609","0.5","6,621,616","0.5","2,599,946","1.0","1,252,428","1.5","2,769,242","0.4","2,813,764","1.0","1,254,124","0.7","1,559,641","1.3","60,752","4.0","39,562","4.1","1,459,327","1.3"
"Arkansas","31-33","Manufacturing","2020","2,105,905","0.4","34,427,220","0.4","31,944,216","0.4","950,075","2.3","350,416","1.1","801,170","0.3","381,343","2.2","14,164,056","0.3","1,132,384","0.1","D","D","6,690,918","0.5","2,623,478","1.1","1,248,970","0.7","2,818,470","0.7","6,524,665","0.7","2,602,330","0.6","1,186,938","1.9","2,735,396","1.2","2,385,147","1.0","340,126","2.1","2,045,020","1.0","63,232","4.3","30,361","5.6","1,951,427","0.9"
"Arkansas","31-33","Manufacturing","2021","2,168,254","0.4","40,166,792","0.4","37,320,457","0.5","900,403","2.4","531,200","1.9","939,752","1.0","474,980","4.4","15,787,219","0.9","1,155,219","0.1","D","D","6,526,054","0.8","2,584,069","1.0","1,182,611","1.1","2,759,374","1.3","8,286,431","0.8","3,141,515","0.8","1,527,277","2.1","3,617,639","1.3","2,332,870","1.4","375,223","3.2","1,957,648","1.5","86,380","12.6","39,838","7.3","1,831,430","1.2"
"California","31-33","Manufacturing","2018","22,583,760","0.3","267,230,397","0.2","242,717,294","0.2","12,024,248","2.5","2,650,258","0.3","3,859,670","0.7","5,978,926","1.1","28,332,788","0.7","8,331,493","1.2","1,472,702","3.2","71,789,821","0.3","27,906,059","1.1","23,412,973","1.2","20,470,789","0.5","76,922,855","0.4","29,793,827","0.6","25,024,299","0.4","22,104,728","0.6","13,612,241","1.1","3,540,672","1.9","10,071,569","1.2","595,519","5.9","561,222","2.2","8,914,827","1.2"
"California","31-33","Manufacturing","2019","22,992,555","0.2","264,754,448","0.2","242,230,188","0.2","10,346,905","1.0","2,488,039","0.6","3,970,001","0.3","5,719,315","1.5","28,822,468","0.3","8,545,584","0.1","1,525,954","0.1","75,981,151","0.5","28,798,890","0.5","25,095,853","0.9","22,086,409","0.5","81,418,475","0.4","31,515,674","0.4","26,771,232","1.0","23,131,569","0.5","13,967,016","1.6","2,950,940","2.2","11,016,075","1.8","475,199","2.2","687,133","3.9","9,853,743","1.8"
"California","31-33","Manufacturing","2020","24,059,395","0.3","243,970,048","0.3","223,298,918","0.3","8,944,748","1.2","2,212,203","0.9","4,071,850","0.5","5,442,328","1.7","29,481,510","0.5","7,744,829","0.1","1,642,538","0.1","80,253,757","0.5","31,053,661","0.7","26,394,798","1.0","22,805,298","0.6","79,012,142","0.5","30,964,541","0.6","25,033,721","1.2","23,013,881","0.7","14,306,443","2.0","3,423,440","2.5","10,883,004","2.2","452,665","2.4","758,867","3.8","9,671,472","2.3"
"California","31-33","Manufacturing","2021","25,280,319","0.3","280,512,711","0.3","256,833,759","0.3","10,695,902","1.0","2,828,640","0.8","4,445,748","0.5","5,708,661","2.1","31,674,715","0.5","8,244,855","0.3","1,430,288","0.1","78,668,738","0.6","30,931,308","0.7","24,980,869","1.2","22,756,561","0.7","87,724,994","0.5","32,346,480","0.8","28,345,743","1.2","27,032,771","0.7","15,251,576","2.0","3,811,230","2.7","11,440,346","2.2","513,952","4.8","645,558","5.0","10,280,837","2.3"
"Colorado","31-33","Manufacturing","2018","2,155,256","0.7","29,223,213","0.5","25,400,939","0.6","1,203,958","1.8","182,132","1.3","388,048","0.7","2,048,137","0.4","5,257,123","0.5","21,891","2.0","D","D","5,536,438","0.5","2,163,435","0.8","1,707,811","0.7","1,665,192","1.4","5,926,616","0.8","2,332,968","1.6","1,747,867","0.9","1,845,781","1.8","1,506,348","3.7","318,405","1.5","1,187,943","4.6","46,031","9.0","62,393","3.4","1,079,520","5.0"
"Colorado","31-33","Manufacturing","2019","2,176,679","0.8","28,246,842","0.4","25,927,560","0.4","1,227,318","4.3","181,641","1.6","427,607","0.5","482,715","3.7","5,359,643","0.6","24,366","5.2","897","29.3","5,795,236","0.7","2,248,374","1.2","1,762,381","1.5","1,784,481","1.9","5,978,479","0.8","2,346,964","1.0","1,839,749","1.4","1,791,767","2.0","1,501,972","3.2","263,014","4.6","1,238,958","3.5","56,967","13.0","66,970","9.7","1,115,022","3.6"
"Colorado","31-33","Manufacturing","2020","2,177,982","0.8","26,876,503","0.7","24,904,180","0.7","922,970","6.5","182,064","1.7","411,065","0.7","456,224","3.8","5,310,127","0.7","D","D","738","37.3","5,941,990","1.0","2,319,958","1.2","1,831,953","1.8","1,790,078","2.1","6,047,932","1.0","2,349,395","1.1","1,769,099","1.5","1,929,438","2.1","1,311,314","4.4","241,539","6.1","1,069,775","5.0","54,818","14.6","67,674","8.2","947,283","5.4"
"Colorado","31-33","Manufacturing","2021","2,372,271","0.9","29,443,133","0.6","27,420,052","0.7","923,943","6.2","204,259","1.7","409,912","0.9","484,968","3.6","5,152,628","0.7","D","D","784","35.9","5,979,904","1.0","2,341,973","1.2","1,753,948","1.8","1,883,983","1.9","6,493,001","1.0","2,188,762","1.4","2,036,111","1.3","2,268,127","1.8","1,489,811","3.1","488,068","7.0","1,001,743","1.9","38,024","7.1","46,386","3.4","917,332","1.9"
"Connecticut","31-33","Manufacturing","2018","3,456,596","0.4","25,386,007","0.8","22,877,885","0.9","1,140,759","1.2","191,247","1.5","384,795","0.8","791,322","1.6","3,176,303","1.2","885,814","0.4","41,036","0.6","9,629,761","0.6","3,284,876","0.8","3,648,303","0.4","2,696,582","2.5","9,325,932","0.5","3,134,735","1.4","3,398,670","0.4","2,792,527","0.6","1,420,621","4.0","241,874","6.0","1,178,747","3.7","38,540","8.6","57,053","3.9","1,083,153","3.9"
"Connecticut","31-33","Manufacturing","2019","3,549,413","0.5","24,757,593","1.0","22,329,522","1.0","1,012,451","1.5","196,719","1.7","371,236","2.0","847,665","4.7","2,978,605","1.9","939,444","0.2","43,223","0.0","9,150,110","0.5","2,959,529","0.6","3,381,278","0.7","2,809,302","1.0","9,782,567","0.6","3,229,328","1.4","3,810,700","0.6","2,742,539","1.4","1,544,730","3.1","355,911","3.3","1,188,819","3.6","42,917","6.0","69,564","1.8","1,076,337","3.8"
"Connecticut","31-33","Manufacturing","2020","3,267,370","0.6","23,062,635","1.2","20,818,598","1.1","994,373","1.6","170,403","2.1","344,554","2.2","734,707","5.5","2,837,863","2.2","225,809","0.9","3,967","7.6","9,598,901","0.6","3,342,242","1.3","3,499,811","0.7","2,756,848","1.5","9,093,513","0.7","2,961,764","1.2","3,240,802","0.9","2,890,947","1.2","1,778,760","2.7","566,084","2.4","1,212,676","3.3","51,898","9.0","63,250","2.6","1,097,529","3.4"
"Connecticut","31-33","Manufacturing","2021","3,430,329","0.6","23,637,306","1.2","21,302,653","1.2","1,032,758","1.7","190,852","1.8","368,297","2.0","742,746","5.4","3,024,895","2.0","222,929","0.9","5,429","6.8","9,069,552","0.7","2,974,501","1.3","3,210,707","1.0","2,884,344","1.3","9,600,466","0.7","3,186,044","1.2","3,224,838","1.1","3,189,585","1.2","1,704,887","1.7","548,334","2.7","1,156,553","1.9","36,147","9.7","75,401","7.0","1,045,005","1.9"
"Delaware","31-33","Manufacturing","2018","487,486","1.0","11,299,642","0.1","10,010,427","0.1","983,594","0.1","120,172","0.2","122,720","1.5","62,729","0.5","1,295,881","1.1","20,550","0.0","0","X","2,259,911","0.2","1,053,645","0.1","815,491","0.2","390,775","0.9","2,249,467","0.1","1,057,925","0.1","761,392","0.1","430,151","0.7","508,990","0.6","103,898","0.3","405,093","0.7","28,082","3.3","10,301","8.1","366,710","0.5"
"Delaware","31-33","Manufacturing","2019","468,607","0.6","9,902,256","0.1","8,708,803","0.1","898,831","0.1","120,723","0.2","D","D","D","D","1,179,625","0.2","17,922","0.0","0","X","2,210,293","1.3","1,025,025","0.3","777,538","3.2","407,730","0.3","1,875,603","1.1","709,689","0.4","739,798","2.5","426,116","0.3","505,128","0.6","94,609","0.2","410,518","0.7","33,497","1.0","9,744","2.5","367,277","0.7"
"Delaware","31-33","Manufacturing","2020","432,909","0.7","9,759,413","0.2","8,582,824","0.2","908,168","0.1","90,178","0.2","113,724","0.4","64,520","4.2","1,299,084","0.2","20,049","0.1","0","X","1,846,799","1.6","692,205","0.4","746,504","3.5","408,090","0.3","1,718,132","0.4","568,338","0.8","684,882","0.3","464,912","0.3","362,433","1.0","104,910","1.3","257,522","1.2","26,175","0.8","13,051","0.8","218,296","1.4"
"Delaware","31-33","Manufacturing","2021","456,739","0.8","9,845,758","0.3","8,681,643","0.4","859,786","0.3","121,190","0.4","117,979","0.4","65,160","4.8","1,326,231","0.2","D","D","0","X","1,729,978","0.7","561,507","1.0","696,407","1.4","472,063","0.6","2,172,891","0.6","865,358","0.9","763,534","0.5","543,998","1.0","530,964","0.8","106,777","1.2","424,187","1.0","8,196","1.5","10,025","1.7","405,965","1.0"
"District of Columbia","31-33","Manufacturing","2018","11,742","0.2","119,399","0.1","114,213","0.1","795","0.0","2,051","0.0","1,352","0.0","988","0.0","11,798","0.0","0","X","0","X","11,917","0.0","3,105","0.0","4,645","0.0","4,167","0.0","11,603","0.0","3,046","0.0","3,889","0.0","4,668","0.0","3,269","0.2","D","D","D","D","D","D","92","0.0","1,759","0.4"
"District of Columbia","31-33","Manufacturing","2019","17,168","20.4","192,745","8.0","185,268","8.1","915","0.0","D","D","D","D","D","D","19,015","13.2","0","X","0","X","12,091","23.4","D","D","D","D","4,354","12.3","15,380","16.8","D","D","D","D","D","D","5,970","24.6","830","30.1","5,140","23.7","1,830","4.5","137","25.3","3,173","34.7"
"District of Columbia","31-33","Manufacturing","2020","15,850","21.2","174,495","7.5","168,142","7.6","672","0.0","2,236","0.0","1,781","14.6","1,664","0.0","15,557","13.5","0","X","0","X","8,571","10.4","3,813","10.0","813 (s)","90.8","3,945","13.6","10,885","7.4","4,540","17.9","1,741","0.0","4,604","0.0","2,678","0.0","D","D","D","D","D","D","D","D","D","D"
"District of Columbia","31-33","Manufacturing","2021","14,430","21.9","156,325","8.6","150,198","8.7","555","0.0","1,980","0.5","1,630","16.4","1,963","0.3","13,583","15.9","0","X","0","X","11,178","11.9","D","D","D","D","3,860","14.2","14,946","13.0","D","D","D","D","5,145","2.2","3,633","36.2","1,247","5.0","2,386 (s)","52.6","415","27.5","85 (s)","44.8","1,886 (s)","58.4"
"Florida","31-33","Manufacturing","2018","4,972,337","0.8","54,579,452","0.5","49,211,395","0.6","2,509,464","1.4","651,585","0.3","940,591","1.2","1,266,418","2.1","11,311,218","1.4","3,533,254","0.1","533,262","0.3","15,395,650","0.4","7,331,014","0.5","3,058,009","0.9","5,006,627","0.7","15,178,121","0.5","6,628,377","0.8","3,243,113","1.0","5,306,631","0.9","3,581,060","2.0","620,865","3.8","2,960,194","2.1","205,004","4.3","157,722","1.3","2,597,469","2.3"
"Florida","31-33","Manufacturing","2019","5,021,638","0.5","54,564,848","0.6","49,481,680","0.6","2,231,632","3.2","597,584","0.9","927,157","1.1","1,326,794","2.4","11,361,392","1.1","3,764,217","0.1","586,567","0.0","15,031,727","0.9","6,486,003","1.8","3,173,524","0.9","5,372,200","1.1","15,845,256","0.9","7,170,091","1.6","3,276,711","0.9","5,398,454","1.3","3,612,642","1.9","723,911","5.3","2,888,731","1.6","179,544","7.8","109,004","3.2","2,600,183","1.6"
"Florida","31-33","Manufacturing","2020","4,965,098","0.6","53,388,406","1.0","48,268,750","1.0","2,360,001","3.6","579,033","1.3","889,963","0.6","1,290,660","2.8","11,338,784","0.5","3,724,687","0.1","564,482","0.0","15,745,978","1.0","7,154,713","1.7","3,197,509","0.9","5,393,756","1.4","15,988,540","0.9","7,076,629","1.7","3,335,631","1.2","5,576,279","1.4","3,513,525","3.2","620,835","8.6","2,892,690","3.0","164,019","11.0","108,413","2.4","2,620,259","3.1"
"Florida","31-33","Manufacturing","2021","5,349,693","0.6","60,204,275","1.2","54,412,953","1.3","2,651,220","3.0","718,559","1.0","993,023","0.6","1,428,521","3.7","12,130,895","0.5","4,586,221","0.1","628,400","0.0","16,168,505","1.0","7,131,831","1.7","3,349,567","1.1","5,687,107","1.4","18,697,268","1.1","7,889,116","1.6","3,875,943","2.3","6,932,209","1.5","3,633,848","4.6","815,006","11.5","2,818,842","3.7","181,132","9.7","108,593","2.4","2,529,118","3.9"
"Georgia","31-33","Manufacturing","2018","5,735,847","0.5","98,904,112","0.9","91,192,985","0.9","3,928,439","2.9","854,738","1.0","1,519,970","0.9","1,407,981","0.9","24,623,932","0.8","5,460,873","0.1","D","D","19,274,657","1.0","6,711,797","1.4","4,449,860","1.1","8,113,000","0.9","19,920,801","1.0","6,853,128","1.4","4,664,191","1.0","8,403,483","0.8","5,091,932","3.2","951,377","4.1","4,140,554","3.2","191,428","5.3","175,688","2.8","3,773,438","3.3"
"Georgia","31-33","Manufacturing","2019","5,861,679","0.4","100,534,959","0.3","92,318,820","0.3","4,148,682","1.1","805,484","0.6","1,514,185","0.5","1,747,788","0.7","24,460,145","0.4","5,430,444","0.0","D","D","19,948,391","0.3","6,869,460","0.6","4,751,624","0.3","8,327,307","0.5","21,656,486","0.4","7,150,950","0.8","5,452,808","0.3","9,052,728","0.5","5,346,755","0.9","855,132","2.6","4,491,623","0.8","147,824","4.6","137,869","1.9","4,205,930","0.8"
"Georgia","31-33","Manufacturing","2020","5,670,222","0.4","93,650,901","0.3","86,376,739","0.3","3,654,240","1.4","734,869","0.7","1,362,138","0.6","1,522,916","1.6","22,294,647","0.6","5,423,567","0.1","D","D","21,070,122","0.7","6,554,252","1.1","5,595,973","1.7","8,919,897","0.5","21,945,197","0.6","6,141,464","1.0","6,972,730","1.1","8,831,003","0.5","5,897,902","1.1","1,115,724","3.5","4,782,178","0.9","147,635","5.5","174,714","1.7","4,459,829","0.8"
"Georgia","31-33","Manufacturing","2021","6,014,081","0.5","105,115,796","0.3","96,804,176","0.4","4,265,058","1.4","938,605","0.6","1,538,133","0.5","1,569,824","1.6","23,816,200","0.4","5,124,680","0.1","D","D","21,900,507","0.6","6,134,971","1.0","6,941,068","1.1","8,824,469","0.5","24,528,366","0.5","7,270,597","0.9","6,842,536","1.0","10,415,232","0.5","5,233,277","1.4","977,555","5.2","4,255,722","1.1","160,875","10.5","127,736","1.6","3,967,111","1.1"
"Hawaii","31-33","Manufacturing","2018","173,619","1.2","4,696,184","0.6","4,054,714","0.9","469,872","3.1","45,325","2.6","46,056","0.8","80,217","0.2","156,714","2.7","D","D","D","D","626,962","2.3","328,246","1.8","148,937","5.5","149,779","8.4","881,059","1.5","414,944","2.1","152,665","5.3","313,450","2.0","201,819","2.9","D","D","D","D","D","D","D","D","36,398","10.6"
"Hawaii","31-33","Manufacturing","2019","174,428","1.9","4,429,849","0.9","3,785,233","1.1","464,615","1.6","D","D","D","D","D","D","152,572","1.5","D","D","D","D","864,073","2.4","D","D","D","D","295,229","2.7","1,012,472","1.6","580,424","1.4","60,775","7.7","371,273","3.0","331,354","6.8","245,543","8.7","85,811","6.8","18,362","17.5","4,097","11.6","63,351","5.3"
"Hawaii","31-33","Manufacturing","2020","152,520","5.1","3,070,816","1.6","2,685,852","1.8","250,744","3.1","18,843","3.1","39,170","5.4","76,208","0.9","145,160","4.1","D","D","D","D","998,106","1.2","573,036","1.7","57,684","2.6","367,386","2.6","718,356","3.1","403,417","1.5","58,364","23.5","256,575","3.1","90,860","4.7","D","D","D","D","D","D","D","D","D","D"
"Hawaii","31-33","Manufacturing","2021","151,457","5.7","3,680,176","1.2","3,304,276","1.3","258,314","3.1","13,821","4.6","48,372","3.3","55,394","1.0","173,002","2.2","172","0.0","D","D","567,753","2.4","D","D","D","D","171,798","3.6","864,046","2.5","D","D","D","D","235,759","2.9","71,434","9.3","18,025","10.7","53,409","10.9","5,510","4.1","3,286","11.0","44,613","12.5"
"Idaho","31-33","Manufacturing","2018","1,007,803","0.5","12,082,715","0.3","11,235,287","0.3","248,876","5.7","185,649","0.4","279,828","0.7","133,076","15.8","4,849,602","0.7","566,779","0.0","135,864","0.0","3,108,710","0.2","1,148,710","0.4","701,683","0.5","1,258,317","0.4","3,362,494","0.5","1,273,355","0.6","688,806","1.8","1,400,332","0.4","1,333,520","0.9","436,489","0.2","897,032","1.3","27,292","8.9","12,092","3.6","857,648","1.1"
"Idaho","31-33","Manufacturing","2019","1,040,164","0.9","13,540,115","2.1","12,602,255","2.2","276,485","2.5","181,840","1.0","291,815","0.8","187,720","2.2","5,432,334","0.8","639,004","2.7","80,000","21.5","3,368,929","1.2","1,266,449","1.2","704,269","2.9","1,398,211","0.9","3,031,117","0.8","1,127,066","0.8","536,478","2.2","1,367,573","0.9","1,367,185","1.1","266,267","0.6","1,100,918","1.3","21,610","13.8","38,343","3.5","1,040,964","1.3"
"Idaho","31-33","Manufacturing","2020","1,019,585","0.8","13,852,627","2.3","12,908,179","2.5","258,432","2.4","164,200","1.1","296,789","0.8","225,027","4.3","5,405,808","0.8","656,166","2.6","D","D","3,029,457","1.0","1,136,412","1.0","518,941","3.3","1,374,104","1.2","3,287,629","0.8","1,196,663","0.8","512,869","2.9","1,578,097","1.0","971,839","1.4","188,125","4.8","783,713","1.2","31,095","15.0","43,781","3.0","708,838","0.9"
"Idaho","31-33","Manufacturing","2021","1,060,295","0.9","15,185,018","2.9","14,197,635","3.1","287,054","9.5","180,719","1.2","293,343","0.8","226,267","3.4","5,265,592","0.8","615,226","2.6","D","D","3,314,643","0.9","1,204,545","1.0","526,107","2.5","1,583,991","1.0","3,767,037","1.1","1,365,099","1.1","745,152","2.2","1,656,786","1.5","1,126,399","1.2","398,984","0.5","727,415","1.8","22,216","7.4","43,414","1.6","661,785","1.9"
"Illinois","31-33","Manufacturing","2018","9,559,477","0.4","154,490,258","0.4","140,846,104","0.4","7,827,285","0.7","1,380,870","0.4","1,992,788","0.4","2,443,212","1.1","31,633,932","0.3","2,334,778","0.2","598,756","0.0","25,881,916","0.4","10,925,025","0.5","5,003,388","0.6","9,953,503","0.8","27,872,689","0.5","11,386,879","0.5","5,636,405","0.9","10,849,404","0.7","7,125,495","1.5","1,085,981","2.1","6,039,514","1.6","211,857","5.2","211,901","4.9","5,615,756","1.7"
"Illinois","31-33","Manufacturing","2019","9,623,043","0.3","146,870,070","0.2","133,499,678","0.2","7,875,417","0.9","1,348,649","0.5","1,932,013","0.4","2,214,313","1.5","31,009,677","0.4","2,182,609","0.1","551,754","0.1","27,429,906","0.7","11,326,851","0.6","5,615,951","0.9","10,487,105","1.3","28,132,301","0.3","11,707,742","0.6","5,546,305","0.8","10,878,254","0.7","7,089,899","1.4","1,201,534","5.6","5,888,365","1.0","192,413","4.7","216,951","1.6","5,479,001","1.1"
"Illinois","31-33","Manufacturing","2020","9,095,525","0.5","132,255,259","0.3","119,601,791","0.3","7,659,719","1.3","1,225,529","1.0","1,784,165","0.6","1,984,054","1.8","28,805,536","0.5","2,219,323","0.1","546,390","0.1","27,573,353","0.7","11,541,256","0.8","5,413,227","1.0","10,618,871","1.3","26,935,914","0.4","11,117,363","0.6","5,140,043","0.9","10,678,508","0.8","6,669,467","1.5","1,211,555","3.8","5,457,912","1.5","171,721","5.8","196,285","2.0","5,089,905","1.5"
"Illinois","31-33","Manufacturing","2021","9,438,093","0.5","163,968,006","0.3","150,082,782","0.4","7,991,842","1.3","1,574,330","0.7","2,067,951","0.5","2,251,101","1.7","31,613,369","0.7","2,182,244","0.1","568,714","0.1","26,628,124","0.8","10,972,046","0.8","5,095,584","1.1","10,560,494","1.4","32,896,409","0.5","13,225,599","0.6","6,171,382","0.9","13,499,428","0.8","7,870,243","2.2","1,318,557","4.5","6,551,686","2.3","195,687","7.7","214,831","2.6","6,141,168","2.4"
"Indiana","31-33","Manufacturing","2018","8,896,206","0.2","154,277,037","0.1","144,213,869","0.1","4,131,106","1.3","1,261,681","0.5","2,641,148","0.2","2,029,232","0.7","36,538,525","0.2","2,656,074","0.1","D","D","25,303,724","0.3","8,485,557","0.5","6,310,712","0.2","10,507,455","0.4","27,492,010","0.2","8,791,378","0.4","7,190,183","0.4","11,510,449","0.2","7,623,115","2.6","1,169,489","6.1","6,453,626","2.4","209,900","4.3","186,160","3.5","6,057,565","2.4"
"Indiana","31-33","Manufacturing","2019","8,817,554","0.3","151,481,624","0.3","141,967,557","0.3","3,841,261","3.1","1,185,616","0.9","2,598,844","0.4","1,888,346","1.6","36,156,211","0.3","3,503,452","0.1","D","D","26,318,453","0.7","8,796,035","1.4","6,451,391","0.5","11,071,028","0.7","26,575,421","0.6","9,040,530","1.2","6,177,228","0.5","11,357,663","0.7","7,437,802","1.8","1,266,470","2.6","6,171,332","2.0","234,871","3.5","155,601","1.8","5,780,860","2.1"
"Indiana","31-33","Manufacturing","2020","8,406,827","0.4","139,146,803","0.3","130,314,970","0.3","3,869,199","3.2","1,026,676","1.1","2,347,826","0.4","1,588,132","1.8","32,394,064","0.3","3,323,703","0.1","D","D","26,620,456","0.6","9,055,821","1.3","6,195,707","0.6","11,368,929","0.7","25,694,801","0.5","8,170,278","0.9","6,004,469","0.5","11,520,054","0.7","6,835,128","1.8","1,336,917","3.6","5,498,211","1.9","219,037","6.5","145,211","1.7","5,133,964","1.9"
"Indiana","31-33","Manufacturing","2021","8,854,320","0.4","164,421,620","0.3","154,473,925","0.3","4,212,301","3.0","1,408,813","0.8","2,546,701","0.4","1,779,880","1.9","33,861,976","0.3","3,507,045","0.1","D","D","24,967,960","0.6","8,008,009","1.0","5,733,203","0.6","11,226,747","0.8","31,832,288","0.5","9,782,354","1.0","7,184,204","0.6","14,865,730","0.6","6,922,929","2.0","1,574,723","3.8","5,348,206","2.0","211,504","7.8","141,495","2.0","4,995,207","2.0"
"Iowa","31-33","Manufacturing","2018","3,738,607","0.3","68,571,223","0.4","63,406,931","0.5","2,390,633","1.8","1,044,980","0.5","1,087,607","1.4","641,071","1.9","17,161,193","1.3","1,949,956","0.1","D","D","9,361,964","0.4","3,658,772","0.8","2,049,500","1.1","3,653,692","0.6","10,509,710","2.3","4,203,085","5.4","2,186,571","2.1","4,120,055","0.7","2,891,011","1.6","496,707","4.0","2,394,304","1.4","122,270","8.7","91,040","6.6","2,180,994","1.2"
"Iowa","31-33","Manufacturing","2019","3,808,155","0.4","67,002,681","0.3","61,309,980","0.3","2,902,961","0.7","984,213","0.7","1,104,136","0.5","701,392","1.2","16,927,230","0.5","2,094,040","0.1","D","D","10,118,335","0.8","3,869,919","1.2","2,246,720","1.1","4,001,697","1.0","10,463,509","0.8","4,021,419","1.1","2,184,471","0.9","4,257,620","1.2","2,836,826","1.8","413,433","2.6","2,423,394","2.0","96,881","4.2","78,829","3.6","2,247,684","2.1"
"Iowa","31-33","Manufacturing","2020","3,600,538","0.4","63,657,493","0.3","58,571,612","0.3","2,421,055","1.0","919,441","1.8","1,087,219","1.3","658,166","2.2","16,612,870","1.2","D","D","D","D","11,192,137","0.8","3,984,911","1.1","2,376,454","0.9","4,830,772","1.1","11,170,738","0.8","3,891,312","1.1","2,382,863","0.7","4,896,564","1.3","3,172,220","2.2","803,096","6.1","2,369,124","2.0","99,440","9.9","116,144","2.9","2,153,539","2.0"
"Iowa","31-33","Manufacturing","2021","3,815,589","0.4","77,703,929","0.4","71,904,766","0.5","2,643,250","1.1","1,179,706","1.5","1,208,614","1.4","767,593","1.7","18,177,400","1.3","D","D","D","D","11,198,692","0.8","3,892,555","1.0","2,396,786","1.0","4,909,351","1.3","13,592,241","0.9","4,253,696","1.6","2,907,473","0.9","6,431,071","1.1","4,142,488","1.6","774,756","2.3","3,367,731","1.8","116,830","10.2","149,376","3.4","3,101,525","1.8"
"Kansas","31-33","Manufacturing","2018","2,893,455","0.9","55,458,540","0.3","49,696,484","0.4","4,279,595","0.5","360,670","0.5","713,171","0.3","408,620","2.8","9,234,298","0.4","51,373","0.1","D","D","9,799,800","0.5","4,172,039","0.9","2,414,145","0.7","3,213,616","0.6","9,994,687","0.5","3,949,082","0.8","2,469,500","0.4","3,576,106","0.7","2,679,498","3.7","664,390","9.9","2,015,108","2.5","64,197","6.8","55,525","2.0","1,895,386","2.6"
"Kansas","31-33","Manufacturing","2019","2,966,805","0.4","55,206,752","0.6","49,967,129","0.7","3,848,142","0.7","318,791","0.8","682,629","1.3","390,062","3.5","9,049,293","1.7","D","D","D","D","10,091,860","0.4","3,935,570","0.4","2,449,429","0.5","3,706,861","0.7","10,107,913","0.4","4,167,370","0.6","2,194,220","0.8","3,746,324","0.7","2,557,799","3.5","505,707","15.7","2,052,093","1.8","65,288","6.4","117,379","8.6","1,869,426","1.7"
"Kansas","31-33","Manufacturing","2020","2,876,215","0.5","49,115,747","0.6","44,117,733","0.7","3,758,459","0.7","286,651","1.5","629,852","1.3","323,051","5.1","8,391,724","1.1","D","D","D","D","10,151,422","0.5","4,196,605","0.6","2,172,889","1.0","3,781,928","0.9","9,771,241","0.6","3,836,983","0.6","2,149,101","1.1","3,785,156","1.0","2,121,098","1.7","458,419","3.4","1,662,679","1.6","64,327","7.7","55,536","6.5","1,542,816","1.4"
"Kansas","31-33","Manufacturing","2021","3,030,494","0.5","56,280,614","0.4","50,266,901","0.4","4,550,305","0.8","399,000","1.3","712,390","1.8","352,019","4.8","9,567,062","1.5","D","D","D","D","9,900,139","0.6","3,886,853","0.7","2,176,472","0.8","3,836,814","1.1","10,901,356","0.6","4,091,336","0.8","2,539,113","0.9","4,270,907","1.4","2,309,672","3.8","539,275","5.7","1,770,397","4.1","83,914","22.7","81,546","4.9","1,604,937","4.2"
"Kentucky","31-33","Manufacturing","2018","4,626,994","0.3","92,676,702","0.8","87,805,395","0.8","1,934,205","2.1","651,602","0.3","1,494,608","0.3","790,891","2.9","26,890,503","0.2","D","D","D","D","12,161,130","0.5","4,518,172","0.7","3,200,115","0.3","4,442,843","0.7","12,919,028","0.4","4,805,443","0.6","3,327,587","0.2","4,785,998","0.6","4,281,847","1.4","846,044","0.9","3,435,803","1.7","206,815","6.1","159,014","1.1","3,069,974","1.7"
"Kentucky","31-33","Manufacturing","2019","4,590,085","0.4","88,663,769","0.3","83,817,964","0.3","2,026,163","2.5","597,080","0.7","1,423,788","0.5","798,774","1.6","25,787,150","0.4","330,904","0.1","D","D","13,015,107","0.4","4,900,323","0.6","3,293,064","0.4","4,821,720","0.6","13,878,726","0.4","5,217,681","0.5","3,555,372","0.4","5,105,672","0.8","4,136,010","1.1","837,969","1.7","3,298,042","1.2","111,729","5.7","77,598","3.9","3,108,714","1.1"
"Kentucky","31-33","Manufacturing","2020","4,313,245","0.5","78,086,494","0.5","73,631,733","0.5","1,858,481","2.6","489,390","1.1","1,271,423","0.6","835,466","2.5","23,623,991","0.5","296,640","0.2","D","D","13,571,623","0.5","5,167,618","0.7","3,293,699","0.4","5,110,306","1.0","13,390,224","0.7","5,073,648","0.8","3,310,220","0.5","5,006,355","1.4","4,095,314","1.5","826,927","2.5","3,268,386","1.7","300,383","8.3","82,219","3.4","2,885,785","1.6"
"Kentucky","31-33","Manufacturing","2021","4,536,511","0.5","90,117,408","0.4","85,047,080","0.4","2,050,665","2.8","630,958","1.5","1,444,478","0.8","944,227","2.1","25,886,549","0.7","D","D","D","D","13,186,917","0.7","4,976,899","0.8","3,303,444","0.4","4,906,574","1.5","15,754,919","0.7","5,892,254","0.8","3,757,982","0.5","6,104,683","1.3","4,613,792","2.5","1,149,135","7.3","3,464,657","1.8","286,593","8.3","92,047","1.6","3,086,018","1.8"
"Louisiana","31-33","Manufacturing","2018","2,663,577","0.3","158,554,980","0.1","143,354,487","0.1","10,153,313","0.3","2,401,960","0.1","1,895,281","0.3","749,939","1.6","34,618,376","0.3","22,121,787","0.0","11,938,858","0.0","12,855,160","0.1","6,003,235","0.1","2,858,697","0.2","3,993,228","0.4","13,289,996","0.2","6,341,537","0.2","2,719,971","0.3","4,228,488","0.2","5,905,549","0.7","1,226,441","0.9","4,679,108","0.8","79,233","6.4","90,085","0.6","4,509,790","0.8"
"Louisiana","31-33","Manufacturing","2019","2,686,114","0.5","137,442,471","0.1","127,560,063","0.1","5,051,623","0.6","2,053,092","0.1","1,840,445","0.3","937,247","2.3","33,290,925","0.2","22,564,747","0.1","13,191,838","0.0","13,582,051","0.4","6,694,283","0.5","2,498,354","0.9","4,389,415","0.5","13,973,485","0.4","6,596,406","0.6","2,764,311","0.6","4,612,768","0.4","8,549,516","0.3","3,396,725","0.4","5,152,791","0.3","99,540","2.8","138,981","0.6","4,914,270","0.3"
"Louisiana","31-33","Manufacturing","2020","2,613,560","0.6","90,042,648","0.2","82,565,401","0.2","3,529,334","0.8","1,652,545","0.2","1,419,718","0.3","875,651","2.4","27,148,098","0.3","22,618,459","0.4","13,652,413","0.5","14,001,687","0.4","6,702,714","0.5","2,738,718","0.8","4,560,255","0.4","11,708,227","0.3","5,413,939","0.6","2,238,898","0.6","4,055,390","0.4","5,377,030","0.6","1,190,154","1.7","4,186,875","0.5","84,349","7.6","78,175","5.3","4,024,352","0.4"
"Louisiana","31-33","Manufacturing","2021","2,611,666","0.5","137,689,558","0.1","124,971,792","0.2","7,271,353","0.3","2,677,774","0.1","1,885,830","0.2","882,811","2.3","30,973,110","0.2","21,205,883","0.5","12,903,552","0.7","11,789,663","0.6","5,420,259","0.5","2,230,362","0.8","4,139,042","1.5","14,407,855","0.4","6,781,643","0.8","2,923,483","0.5","4,702,728","0.4","5,457,219","0.6","2,108,695","0.9","3,348,524","0.6","61,216","10.4","94,572","1.0","3,192,736","0.6"
"Maine","31-33","Manufacturing","2018","894,186","0.3","7,094,927","0.3","5,964,616","0.3","362,874","0.6","195,100","0.6","222,607","0.4","349,730","1.6","2,862,660","0.4","1,629,454","0.0","D","D","1,963,733","0.2","711,039","0.4","575,558","0.3","677,136","0.4","2,178,998","0.2","735,239","0.6","660,323","0.1","783,436","0.8","653,766","1.6","143,366","4.0","510,400","1.1","18,083","11.6","9,278","6.8","483,038","1.0"
"Maine","31-33","Manufacturing","2019","907,907","1.2","7,442,030","2.3","6,166,088","2.0","353,872","2.0","211,535","1.7","222,132","3.1","488,402","21.0","2,766,533","3.9","D","D","492,639","0.0","2,192,248","1.1","694,583","2.8","669,073","0.7","828,593","3.7","2,302,572","1.2","752,021","0.9","701,983","0.6","848,568","3.1","1,095,371","35.0","72,773","10.9","1,022,598","37.2","17,693","10.9","11,607","18.2","993,298","38.2"
"Maine","31-33","Manufacturing","2020","886,201","1.0","7,194,241","0.6","5,944,042","0.8","406,557","4.8","197,875","0.4","214,893","0.7","430,873","4.0","2,717,295","0.7","D","D","450,768","0.0","2,280,979","1.2","727,857","2.7","706,507","0.7","846,615","2.4","2,470,201","1.2","793,151","1.1","818,100","0.5","858,950","3.2","534,906","2.8","100,996","3.8","433,910","3.3","25,259","11.9","10,943","12.3","397,708","3.1"
"Maine","31-33","Manufacturing","2021","939,123","1.0","7,806,484","0.7","6,531,626","0.7","432,901","5.3","223,293","0.3","238,140","0.8","380,524","7.6","2,927,279","0.9","1,372,989","0.0","84,511","0.0","2,415,073","1.1","748,895","2.6","820,372","0.6","845,807","2.4","2,718,655","1.1","826,773","1.2","861,438","0.5","1,030,444","2.7","545,371","3.9","120,101","1.5","425,270","4.8","18,942","15.0","12,571","5.6","393,757","4.9"
"Maryland","31-33","Manufacturing","2018","1,884,291","0.5","18,912,086","0.9","17,082,663","0.9","988,304","2.0","191,213","1.5","302,374","0.7","347,532","2.5","3,654,309","0.7","D","D","D","D","5,117,733","0.3","2,272,829","0.5","976,633","0.3","1,868,271","0.6","5,180,914","0.4","1,981,974","0.7","1,108,798","0.5","2,090,142","0.5","1,548,725","2.9","334,255","12.1","1,214,469","1.5","40,340","7.8","168,151","1.8","1,005,977","1.6"
"Maryland","31-33","Manufacturing","2019","1,873,534","1.2","18,595,080","0.5","16,742,496","0.6","1,013,594","2.4","176,708","1.3","318,385","4.1","343,896","4.7","3,895,649","4.6","D","D","D","D","5,257,697","0.9","1,972,716","3.9","1,245,384","6.7","2,039,597","1.0","5,384,554","2.3","2,105,487","1.2","1,091,809","8.7","2,187,258","3.2","1,625,697","4.8","425,436","18.1","1,200,261","1.2","43,153","6.0","67,616","3.3","1,089,491","1.1"
"Maryland","31-33","Manufacturing","2020","1,910,619","0.9","18,386,267","0.9","16,592,274","0.9","992,784","2.7","160,571","1.5","314,068","6.0","326,569","5.7","3,883,469","6.7","D","D","0","X","5,244,634","1.9","2,011,234","3.4","1,159,059","1.3","2,074,342","1.5","5,216,226","2.0","2,123,475","1.4","1,112,651","8.5","1,980,100","1.3","1,406,488","1.9","302,275","2.2","1,104,213","2.3","38,568","11.9","46,419","4.6","1,019,226","2.2"
"Maryland","31-33","Manufacturing","2021","2,015,600","1.1","20,690,617","0.8","18,652,471","0.8","1,179,574","2.2","170,178","1.8","323,824","3.6","364,570","5.8","3,895,771","4.0","D","D","0","X","5,222,528","1.8","2,038,618","3.2","1,187,160","1.2","1,996,749","1.3","5,988,765","1.7","2,432,548","1.3","1,101,794","8.6","2,454,423","1.1","1,310,977","3.2","263,364","6.7","1,047,613","3.3","50,463","7.9","27,752","5.8","969,398","3.4"
"Massachusetts","31-33","Manufacturing","2018","4,735,097","0.4","37,982,853","0.5","33,095,224","0.6","2,324,350","1.6","382,076","0.9","794,040","0.4","1,387,162","1.1","6,092,392","0.4","179,702","7.0","3,350","13.4","11,094,253","0.5","3,908,148","4.0","3,034,380","4.7","4,151,725","1.2","11,856,809","0.4","4,142,215","0.5","3,106,014","0.8","4,608,579","0.6","2,400,582","4.4","507,099","5.5","1,893,483","4.4","121,941","5.9","105,616","7.0","1,665,927","4.4"
"Massachusetts","31-33","Manufacturing","2019","4,810,999","0.5","39,739,627","0.5","35,434,248","0.5","1,908,819","1.2","339,534","0.9","791,245","1.1","1,265,781","1.1","6,098,193","0.9","168,137","0.5","8,058 (s)","47.2","11,931,670","0.6","4,511,410","0.8","2,851,810","1.1","4,568,450","0.7","12,732,888","0.6","4,871,238","0.9","3,092,529","1.3","4,769,121","0.7","2,535,818","3.0","627,104","3.3","1,908,714","3.2","167,704","1.9","127,742","2.6","1,613,268","3.7"
"Massachusetts","31-33","Manufacturing","2020","4,720,162","0.5","38,635,131","0.5","34,547,971","0.5","1,759,464","2.1","325,070","1.4","741,290","1.6","1,261,336","1.2","5,760,571","1.4","101,414","0.6","7,840 (s)","61.3","12,460,023","0.7","4,781,329","1.2","3,004,627","1.1","4,674,067","0.8","12,290,845","0.7","4,491,970","1.3","3,048,420","1.2","4,750,455","0.8","2,530,024","1.6","584,666","4.2","1,945,357","1.4","154,279","1.6","108,385","1.5","1,682,694","1.6"
"Massachusetts","31-33","Manufacturing","2021","4,935,541","0.7","42,678,446","0.7","38,069,232","0.8","2,037,675","2.0","366,876","1.7","815,127","1.5","1,389,535","1.2","6,272,551","1.4","110,750","0.7","7,046 (s)","62.7","11,982,576","0.8","4,306,894","1.4","3,010,829","1.2","4,664,854","0.8","13,866,992","0.8","4,755,896","1.5","3,559,809","1.1","5,551,286","0.7","2,792,833","1.8","830,428","3.9","1,962,405","1.7","75,681","2.9","116,425","2.0","1,770,299","1.8"
"Michigan","31-33","Manufacturing","2018","10,934,985","0.2","168,730,524","0.2","158,512,464","0.2","3,601,023","3.9","997,790","0.3","2,155,609","0.3","3,463,638","0.8","28,303,769","0.2","1,163,912","0.4","51,349","0.0","21,450,692","0.4","6,445,538","0.9","6,437,954","0.9","8,567,200","0.8","23,878,050","0.4","7,144,409","0.6","7,130,201","0.8","9,603,440","0.7","7,452,216","1.5","1,012,903","1.8","6,439,312","1.6","250,242","8.9","234,534","1.5","5,954,536","1.6"
"Michigan","31-33","Manufacturing","2019","11,166,219","0.2","163,798,237","0.2","154,122,405","0.3","3,396,089","2.3","985,157","1.3","2,084,716","0.5","3,209,871","0.9","27,443,502","0.5","1,127,972","0.1","58,012","8.6","23,881,679","0.5","7,406,547","0.8","7,037,028","0.8","9,438,104","0.5","23,908,718","0.5","7,274,786","1.0","6,920,105","0.9","9,713,827","0.5","6,661,802","1.8","941,628","1.2","5,720,174","2.1","199,596","7.2","194,567","3.3","5,326,010","2.1"
"Michigan","31-33","Manufacturing","2020","10,402,729","0.5","137,804,938","0.4","129,245,372","0.4","2,999,486","3.3","854,004","1.3","1,849,213","0.6","2,856,864","1.7","23,434,084","0.5","975,493","1.5","68,252","0.0","23,424,188","0.6","7,213,263","1.1","6,763,511","0.9","9,447,415","0.6","23,457,433","0.6","7,085,561","1.2","6,936,180","1.0","9,435,693","0.5","5,920,194","1.4","1,068,077","3.3","4,852,117","1.4","185,356","11.5","163,048","2.4","4,503,714","1.3"
"Michigan","31-33","Manufacturing","2021","10,916,632","0.4","152,683,061","0.4","143,746,031","0.4","2,926,740","3.6","967,620","1.3","2,003,016","0.6","3,039,655","1.6","24,389,879","0.5","204,483","0.1","71,025","0.0","23,601,922","0.6","7,088,966","1.2","7,009,033","1.0","9,503,923","0.5","28,333,603","0.6","7,994,016","1.0","8,312,638","1.0","12,026,948","0.5","7,096,899","1.9","1,376,035","5.6","5,720,863","1.6","219,218","14.9","227,379","3.0","5,274,267","1.6"
"Minnesota","31-33","Manufacturing","2018","5,200,478","0.3","66,613,545","0.3","60,535,136","0.3","3,035,528","1.4","636,672","0.4","1,119,853","0.4","1,286,356","0.8","13,874,444","0.4","1,475,760","0.5","50,149","0.0","12,535,528","0.3","5,081,063","0.4","2,396,930","0.6","5,057,535","0.5","13,443,282","0.4","5,285,379","0.5","2,590,459","0.8","5,567,444","0.7","3,188,183","1.8","683,045","2.2","2,505,139","2.0","175,443","8.5","235,850","1.1","2,093,846","2.1"
"Minnesota","31-33","Manufacturing","2019","5,314,694","0.5","67,646,232","0.3","62,074,769","0.3","2,705,197","1.9","609,061","0.6","1,043,366","0.8","1,213,839","1.3","13,086,091","0.7","1,377,984","0.2","60,480","0.1","13,147,406","0.7","5,100,710","1.0","2,571,418","1.9","5,475,277","1.1","13,557,129","0.7","5,263,284","1.1","2,579,810","0.9","5,714,035","1.0","3,975,602","1.4","1,238,553","1.5","2,737,049","1.8","184,386","3.1","235,072","1.9","2,317,591","2.1"
"Minnesota","31-33","Manufacturing","2020","5,143,977","0.5","62,504,252","0.5","57,048,263","0.5","2,808,255","2.4","513,049","0.8","985,709","0.8","1,148,976","2.7","12,020,470","0.7","1,025,298","0.2","D","D","13,415,724","0.7","5,243,552","0.9","2,482,425","1.1","5,689,747","1.2","13,291,165","0.9","4,803,902","1.2","2,446,624","0.9","6,040,639","1.6","4,774,856","1.2","1,655,017","1.2","3,119,839","1.7","171,803","3.3","226,312","1.7","2,721,724","1.8"
"Minnesota","31-33","Manufacturing","2021","5,398,268","0.6","75,897,553","0.5","69,145,658","0.5","3,700,245","2.3","692,915","0.7","1,084,320","0.7","1,274,415","1.7","12,856,207","0.7","1,106,642","0.2","D","D","13,261,898","0.9","4,791,842","1.0","2,435,872","0.9","6,034,184","1.7","15,771,627","1.0","5,429,055","1.2","3,079,647","0.9","7,262,925","1.7","4,137,948","1.8","1,063,356","2.3","3,074,592","2.1","110,636","4.4","233,601","2.6","2,730,354","2.3"
"Mississippi","31-33","Manufacturing","2018","2,169,057","0.3","40,830,350","0.2","38,521,966","0.2","764,076","2.4","539,660","0.7","770,718","1.2","233,930","1.7","11,470,528","1.1","2,875,760","0.0","D","D","5,288,425","0.2","1,897,527","0.4","1,069,736","0.2","2,321,162","0.3","5,875,828","0.3","2,055,891","0.4","1,229,585","0.4","2,590,353","0.4","1,925,831","1.6","454,486","1.4","1,471,345","2.0","42,852","5.3","27,791","2.1","1,400,702","2.1"
"Mississippi","31-33","Manufacturing","2019","2,171,898","0.4","39,652,090","0.3","37,560,237","0.3","632,308","3.0","492,262","0.5","714,941","0.3","252,343","1.9","10,881,089","0.3","2,742,512","0.0","D","D","5,766,434","0.7","2,028,500","1.0","1,196,872","0.3","2,541,062","1.1","5,874,965","0.6","2,055,712","1.2","1,187,298","1.4","2,631,955","0.6","2,271,905","1.2","723,079","1.8","1,548,826","1.1","75,936","2.8","30,064","1.7","1,442,826","1.1"
"Mississippi","31-33","Manufacturing","2020","2,107,654","0.5","34,236,716","0.3","32,213,685","0.3","642,609","3.6","409,037","0.7","690,080","0.3","281,305","3.1","11,076,618","0.4","2,604,855","0.0","D","D","5,773,803","0.8","2,054,474","1.4","1,146,701","1.4","2,572,628","1.1","5,581,524","0.7","2,008,508","1.1","940,044","2.0","2,632,973","0.7","1,955,117","1.0","366,677","0.8","1,588,440","1.1","42,465","4.2","27,917","1.4","1,518,057","1.1"
"Mississippi","31-33","Manufacturing","2021","2,230,976","0.5","39,480,921","0.3","36,980,669","0.3","763,081","2.6","617,312","0.6","770,990","0.6","348,869","3.7","11,881,625","0.5","2,560,649","0.0","D","D","5,558,052","0.9","1,935,929","1.6","1,037,489","0.7","2,584,634","1.3","6,859,667","0.8","2,513,836","1.4","1,187,713","0.4","3,158,118","1.0","1,924,334","1.2","330,654","0.7","1,593,681","1.3","51,641","2.1","30,865","1.4","1,511,175","1.4"
"Missouri","31-33","Manufacturing","2018","4,653,428","0.3","69,590,892","0.2","65,145,870","0.2","2,164,311","3.0","444,068","1.1","911,315","0.6","925,328","1.1","12,198,888","0.6","30,964","2.3","38,923","0.1","10,712,206","0.4","3,926,777","0.9","2,493,503","1.4","4,291,926","0.6","11,104,192","0.4","4,172,893","1.1","2,262,087","0.5","4,669,211","0.5","2,931,814","1.3","570,503","2.6","2,361,312","1.3","141,425","6.0","85,032","2.6","2,134,854","1.2"
"Missouri","31-33","Manufacturing","2019","4,708,677","0.5","67,803,929","0.3","63,201,303","0.3","2,425,734","1.2","426,845","0.9","884,324","0.5","865,723","1.4","12,018,628","0.5","28,390","0.4","41,638","0.1","11,057,568","0.7","4,131,379","0.8","2,268,000","1.4","4,658,188","0.8","11,444,660","0.6","4,317,534","0.8","2,445,111","1.1","4,682,015","0.8","3,041,019","1.3","562,068","3.6","2,478,951","1.2","108,128","6.8","81,107","3.9","2,289,716","1.1"
"Missouri","31-33","Manufacturing","2020","4,672,582","0.9","66,783,968","0.4","62,693,639","0.4","2,011,228","2.0","395,728","1.0","915,524","0.7","767,849","1.5","13,015,072","0.7","37,191","0.5","35,429","0.1","11,560,527","0.8","4,331,668","0.9","2,464,136","1.4","4,764,723","1.1","12,030,083","0.8","4,366,314","1.0","2,554,672","1.1","5,109,096","1.0","2,723,431","2.0","477,872","3.6","2,245,558","2.0","140,591","13.0","65,858","3.1","2,039,109","1.7"
"Missouri","31-33","Manufacturing","2021","4,869,480","1.0","70,188,767","0.4","65,959,279","0.4","1,940,724","2.3","469,090","0.9","971,758","1.3","847,916","1.7","12,945,132","1.3","13,792","1.3","36,418","0.1","11,934,078","0.9","4,294,475","1.0","2,577,105","1.4","5,062,498","1.1","13,366,456","1.1","4,673,109","0.9","2,966,520","2.5","5,726,826","1.1","2,950,524","1.7","546,895","2.2","2,403,630","1.9","127,701","13.4","84,525","1.4","2,191,404","1.8"
"Montana","31-33","Manufacturing","2018","301,375","0.9","7,524,113","0.4","7,052,966","0.2","125,114","15.0","118,215","0.2","129,279","0.2","98,539","3.4","2,567,443","0.1","D","D","D","D","1,460,226","0.3","581,874","0.7","336,585","0.7","541,767","0.8","1,599,656","0.4","584,383","1.1","439,741","0.2","575,533","0.8","351,898","7.8","65,793","17.5","286,105","5.9","12,881 (s)","42.9","5,271","9.1","267,953","4.4"
"Montana","31-33","Manufacturing","2019","304,996","2.1","7,560,567","0.4","6,935,971","0.4","123,785","4.3","188,576","0.4","131,145","0.7","181,090","1.6","2,553,118","0.3","D","D","D","D","1,561,960","0.6","D","D","D","D","559,426","1.1","1,656,021","1.4","713,148","1.4","378,833","0.9","564,040","2.7","261,270","5.3","40,610","12.0","220,660","4.7","12,751","33.8","5,126","2.7","202,783","4.2"
"Montana","31-33","Manufacturing","2020","301,027","2.6","6,531,854","0.5","6,056,589","0.5","94,432","8.0","169,685","0.5","111,330","0.8","99,818","3.5","2,313,968","0.4","D","D","D","D","1,560,094","1.3","667,446","1.7","316,506","1.0","576,142","2.1","1,737,340","1.2","766,828","1.1","437,806","0.8","532,706","2.6","244,258","3.1","28,858","17.2","215,400","2.0","7,936","8.1","4,170","3.1","203,294","1.9"
"Montana","31-33","Manufacturing","2021","313,319","2.7","9,653,759","0.4","9,082,767","0.4","125,503","6.9","145,682","0.7","152,995","0.6","146,812","2.3","2,563,362","0.4","D","D","D","D","1,751,147","1.0","766,534","1.1","440,741","0.8","543,872","1.7","1,864,777","1.7","844,012","2.8","394,766","0.9","625,999","2.1","393,003","5.5","78,127","10.9","314,875","6.1","9,501","11.6","7,397","6.2","297,977","6.3"
"Nebraska","31-33","Manufacturing","2018","1,427,538","0.4","35,846,135","0.2","33,691,178","0.2","1,128,844","1.2","331,358","0.1","463,212","0.2","231,543","0.8","7,430,553","0.2","D","D","D","D","3,890,111","0.3","1,647,453","0.6","727,496","0.5","1,515,162","0.5","4,319,022","0.2","1,814,560","0.7","867,670","0.3","1,636,792","0.7","1,352,226","1.8","257,148","2.4","1,095,077","1.9","64,925","6.0","44,794","9.8","985,359","1.7"
"Nebraska","31-33","Manufacturing","2019","1,444,247","0.9","35,341,456","0.6","33,277,009","0.6","1,062,705","1.1","303,515","1.5","453,312","1.2","244,915","1.4","7,195,494","1.0","D","D","D","D","4,270,171","0.9","1,816,561","2.2","850,854","0.5","1,602,756","0.8","4,441,992","1.0","1,880,210","2.2","853,374","0.8","1,708,408","0.8","1,068,668","2.0","213,318","4.5","855,350","1.7","44,279","4.8","33,325","4.0","777,745","1.7"
"Nebraska","31-33","Manufacturing","2020","1,424,742","0.9","35,225,315","0.7","33,239,486","0.7","1,054,758","2.0","262,800","2.1","458,492","1.4","209,779","1.8","7,337,242","1.3","D","D","D","D","4,482,949","0.8","1,903,408","1.9","850,105","0.8","1,729,436","0.8","4,504,774","1.1","1,783,534","1.7","871,470","1.2","1,849,769","1.7","1,114,827","2.6","184,601","5.4","930,225","2.4","33,381","13.2","49,959","2.6","846,885","2.4"
"Nebraska","31-33","Manufacturing","2021","1,518,071","0.8","40,440,982","0.8","38,153,284","0.8","1,162,119","1.7","370,476","3.0","513,128","1.9","241,974","1.5","8,025,949","1.7","D","D","D","D","4,514,587","0.9","1,800,603","1.2","876,723","1.4","1,837,261","1.7","5,466,004","1.2","2,194,493","1.5","1,009,990","1.4","2,261,521","1.9","1,302,179","1.7","245,428","4.7","1,056,751","1.3","34,206","8.6","58,864","4.8","963,681","1.3"
"Nevada","31-33","Manufacturing","2018","729,838","1.1","8,491,932","1.0","7,811,661","1.0","295,671","4.2","80,938","0.2","131,840","0.5","171,821","7.1","2,203,074","0.5","D","D","D","D","1,755,631","1.1","621,571","2.5","320,813","1.0","813,248","0.9","2,021,292","2.4","748,746","6.3","319,023","1.2","953,523","1.4","531,136","2.7","83,336","10.4","447,800","2.0","52,705","2.1","39,163","1.1","355,932","2.4"
"Nevada","31-33","Manufacturing","2019","761,569","1.3","8,760,844","1.1","8,138,436","1.1","264,578","6.2","82,710","1.3","137,903","0.9","137,217","2.2","2,323,922","0.6","D","D","D","D","1,917,854","2.2","684,329","1.5","311,454","1.0","922,071","4.2","2,036,150","0.8","700,413","1.2","419,899","1.1","915,838","1.0","477,206","1.6","71,884","3.1","405,322","1.6","24,305","2.7","42,395","0.7","338,623","1.8"
"Nevada","31-33","Manufacturing","2020","751,242","1.6","8,653,523","1.0","8,109,202","1.0","227,217","4.3","84,437","1.7","131,069","0.7","101,598","8.1","2,197,201","0.5","0","X","0","X","2,042,577","1.9","713,346","1.2","410,809","1.3","918,422","3.6","2,022,116","1.1","738,109","1.3","346,418","1.0","937,589","1.7","518,103","3.7","69,856","4.2","448,247","4.2","44,632","3.1","28,526","3.8","375,089","4.8"
"Nevada","31-33","Manufacturing","2021","813,292","2.0","9,523,949","1.6","8,926,516","1.6","250,243","5.8","105,984","1.8","139,545","1.0","101,662","8.3","2,291,514","0.8","0","X","0","X","1,991,491","1.7","D","D","D","D","906,251","3.0","2,408,219","1.7","907,229","1.8","378,706","1.2","1,122,284","2.6","483,516","6.5","97,002","21.9","386,513","5.2","41,483","4.3","25,477","1.6","319,554","6.1"
"New Hampshire","31-33","Manufacturing","2018","1,149,705","0.6","10,393,171","0.4","9,251,528","0.4","545,279","2.2","110,697","0.7","189,132","1.6","296,535","2.5","1,682,307","1.8","36,262","2.2","D","D","2,745,816","0.9","898,591","2.2","711,593","1.2","1,135,632","0.7","3,031,425","0.7","1,005,136","1.5","786,564","1.7","1,239,725","0.6","570,214","1.8","91,431","5.9","478,783","1.3","22,323","14.9","27,236","2.8","429,224","1.1"
"New Hampshire","31-33","Manufacturing","2019","1,182,827","0.5","10,382,953","0.4","9,202,356","0.4","581,129","0.8","101,810","0.8","193,818","2.3","303,841","1.7","1,725,830","2.3","7,463","12.1","D","D","2,942,491","0.9","1,026,799","2.2","725,907","1.2","1,189,785","1.1","3,029,332","0.7","1,076,983","2.1","743,395","1.0","1,208,954","0.9","564,037","3.6","115,710","13.5","448,327","1.7","21,539","15.6","28,602","1.6","398,185","1.6"
"New Hampshire","31-33","Manufacturing","2020","1,132,868","0.8","9,722,754","0.7","8,735,111","0.7","462,907","1.1","79,545","1.1","177,450","2.4","267,740","2.2","1,572,907","2.5","6,666","14.4","D","D","2,954,866","1.0","1,044,686","2.2","736,769","1.6","1,173,411","1.0","2,989,452","0.8","1,037,975","2.0","735,129","1.1","1,216,348","1.3","636,226","3.4","129,723","12.3","506,504","1.6","20,306","11.6","29,857","1.6","456,340","1.4"
"New Hampshire","31-33","Manufacturing","2021","1,208,834","0.9","10,870,731","0.7","9,765,182","0.8","557,098","1.1","83,431","1.6","191,744","2.3","273,277","2.2","1,683,465","2.4","D","D","D","D","3,026,931","1.0","1,045,231","2.1","742,070","1.5","1,239,630","1.3","3,509,468","1.0","1,188,616","2.8","851,235","1.0","1,469,618","1.4","702,754","3.7","166,389","11.4","536,365","2.0","19,112","12.8","27,725","4.2","489,528","1.7"
"New Jersey","31-33","Manufacturing","2018","3,997,850","1.0","50,818,533","0.4","44,294,720","0.5","3,735,343","0.6","482,292","0.7","799,186","0.8","1,506,992","0.7","8,437,670","0.7","319,826","0.6","D","D","13,560,628","0.4","6,526,496","0.6","2,459,927","0.5","4,574,205","0.6","14,446,845","0.5","7,130,243","0.6","2,494,530","1.1","4,822,072","1.2","2,378,243","2.9","452,191","5.7","1,926,052","2.9","96,400","4.5","95,445","4.2","1,734,207","3.0"
"New Jersey","31-33","Manufacturing","2019","4,001,148","1.0","50,381,964","1.3","44,197,056","1.6","3,291,403","11.1","500,992","2.5","811,160","0.6","1,581,352","4.5","9,092,383","0.5","285,551","0.5","D","D","14,004,999","0.6","6,933,336","0.8","2,473,666","0.8","4,597,997","0.8","14,766,970","0.8","7,170,553","1.2","2,993,112","0.7","4,603,306","0.9","4,223,508","2.1","719,444","6.3","3,504,063","1.5","101,715","4.2","104,741","3.0","3,297,608","1.5"
"New Jersey","31-33","Manufacturing","2020","3,838,658","2.3","45,133,836","1.5","39,940,735","1.9","2,805,647","13.1","440,745","2.8","797,847","1.0","1,148,864","10.7","8,695,828","0.8","271,807","0.5","38,954","0.0","14,602,253","0.9","7,116,751","1.4","2,955,373","0.8","4,530,130","1.1","14,794,408","1.4","7,228,838","2.5","2,732,791","1.2","4,832,779","1.1","2,770,950","4.7","701,001","10.1","2,069,949","3.2","111,248","4.1","85,637","6.1","1,873,064","3.4"
"New Jersey","31-33","Manufacturing","2021","3,837,055","0.9","50,784,874","1.3","45,112,391","1.3","3,225,958","11.3","522,474","2.3","856,187","0.9","1,067,864","1.8","9,174,348","0.7","281,197","0.5","41,985","0.0","14,406,161","1.3","6,884,511","2.3","2,743,559","1.3","4,778,091","1.1","15,441,246","1.0","7,203,308","1.6","2,726,684","1.3","5,511,253","1.0","2,981,681","2.2","758,315","4.6","2,223,365","2.2","162,562","3.4","71,483","1.9","1,989,321","2.3"
"New Mexico","31-33","Manufacturing","2018","389,285","0.7","9,386,858","0.3","8,471,230","0.3","521,855","1.7","134,569","0.4","162,199","0.5","97,004","8.1","2,544,892","0.8","D","D","0","X","1,407,914","0.3","615,370","0.4","357,787","0.4","434,757","0.7","1,472,826","1.1","651,886","2.3","363,937","0.5","457,003","0.6","841,734","1.2","125,453","0.8","716,281","1.3","11,261","16.5","6,194","5.4","698,826","1.2"
"New Mexico","31-33","Manufacturing","2019","386,850","1.6","9,692,463","0.2","8,862,308","0.3","420,646","4.0","137,843","0.8","163,555","1.1","108,110","0.9","2,507,596","1.1","D","D","0","X","1,552,240","0.3","725,834","1.1","390,613","0.3","435,793","1.8","1,565,110","0.5","711,268","0.9","400,802","1.2","453,040","2.1","709,119","0.8","68,549","6.7","640,570","0.4","11,413","6.8","7,597","3.9","621,560","0.4"
"New Mexico","31-33","Manufacturing","2020","378,475","1.3","8,094,306","0.5","7,457,271","0.6","345,695","9.6","68,774","1.6","137,030","1.4","85,536","0.9","2,117,351","1.3","D","D","0","X","1,518,986","1.2","736,519","2.6","384,860","1.1","397,608","2.5","1,506,230","3.8","750,295","3.9","378,141","6.2","377,794","3.8","719,809","0.5","62,786","0.8","657,023","0.5","13,171","8.4","6,050","5.2","637,802","0.4"
"New Mexico","31-33","Manufacturing","2021","413,043","1.5","9,681,903","0.8","8,849,789","0.8","469,990","7.3","91,760","1.8","156,833","1.4","113,531","1.6","2,306,779","1.4","1,597 (s)","97.3","0","X","1,498,306","3.9","D","D","D","D","368,897","3.5","1,759,265","3.6","841,060","3.7","452,106","5.6","466,099","3.2","597,364","2.4","108,545","5.4","488,819","2.7","14,019","13.3","10,573","4.6","464,227","2.5"
"New York","31-33","Manufacturing","2018","6,929,189","0.4","75,261,578","0.6","66,282,085","0.6","4,063,848","1.3","734,159","6.2","1,201,483","0.5","2,980,003","1.0","20,339,256","0.5","442,025","2.5","D","D","19,463,423","0.3","7,239,551","0.6","4,828,153","0.4","7,395,719","0.4","21,219,165","0.3","7,701,425","0.5","5,130,012","0.4","8,387,728","0.4","3,778,926","4.2","842,855","3.7","2,936,070","5.1","130,972","3.7","195,691","3.9","2,609,407","5.7"
"New York","31-33","Manufacturing","2019","6,995,718","0.4","75,476,888","0.3","65,296,603","0.3","3,547,629","2.3","700,826","0.8","1,223,671","0.8","4,708,159","1.0","21,016,208","0.8","403,221","0.2","D","D","21,751,585","0.5","7,816,273","0.8","5,496,755","0.8","8,438,556","0.6","21,658,023","0.4","7,949,972","0.8","5,631,284","0.7","8,076,767","0.6","4,138,785","1.3","782,821","1.9","3,355,963","1.4","152,971","4.2","334,501","1.1","2,868,491","1.6"
"New York","31-33","Manufacturing","2020","6,749,127","0.5","68,748,966","0.3","61,297,405","0.4","3,242,309","2.7","626,424","0.7","1,136,644","0.8","2,446,183","2.1","18,794,216","0.9","356,420","0.1","D","D","21,458,487","0.6","7,874,952","0.9","5,528,063","0.8","8,055,472","1.0","21,530,915","0.5","7,574,679","1.0","5,761,577","0.7","8,194,659","0.8","3,919,141","1.5","911,757","2.1","3,007,384","1.7","149,216","5.0","312,387","0.6","2,545,780","1.9"
"New York","31-33","Manufacturing","2021","7,060,343","0.5","75,880,705","0.4","67,829,441","0.4","3,469,616","2.6","708,142","0.7","1,280,850","1.0","2,592,656","2.1","20,293,210","1.2","490,296","0.1","D","D","21,438,928","0.6","7,517,022","1.0","5,756,878","0.8","8,165,028","1.0","23,792,377","0.5","8,161,908","1.0","6,085,302","0.8","9,545,167","0.8","4,103,688","1.4","1,078,826","2.3","3,024,862","1.5","144,110","5.6","306,304","0.8","2,574,448","1.6"
"North Carolina","31-33","Manufacturing","2018","6,746,341","0.4","101,326,376","0.7","90,780,007","0.7","7,074,692","1.3","708,239","0.9","1,676,184","0.4","1,087,253","1.2","26,412,040","0.3","1,790,323","0.1","279,424","0.9","20,599,974","0.4","8,218,870","0.6","3,674,277","0.8","8,706,826","0.4","22,599,388","0.6","9,809,107","0.6","3,698,020","0.7","9,092,261","1.1","6,867,771","2.0","1,220,289","3.9","5,647,482","2.0","284,658","21.5","208,862","5.1","5,153,962","1.7"
"North Carolina","31-33","Manufacturing","2019","6,838,251","0.3","99,521,086","0.4","89,473,444","0.4","6,618,521","0.8","698,855","1.3","1,657,788","0.5","1,072,478","1.3","26,274,008","0.4","D","D","D","D","22,375,171","0.5","9,725,906","0.5","3,692,927","0.8","8,956,338","0.9","23,906,305","0.7","10,748,992","0.7","3,893,819","0.7","9,263,495","1.7","6,796,205","0.8","1,218,606","2.4","5,577,599","0.7","319,482","3.1","195,869","0.8","5,062,248","0.7"
"North Carolina","31-33","Manufacturing","2020","6,727,546","0.4","90,049,775","0.5","80,210,192","0.5","5,992,497","0.9","653,372","1.4","1,536,185","0.6","1,657,529","1.3","24,274,288","0.5","D","D","D","D","23,939,219","0.8","10,841,851","0.8","3,861,609","0.8","9,235,759","1.7","25,996,848","0.7","13,115,402","0.6","3,702,210","0.9","9,179,236","1.6","5,570,909","1.3","1,348,442","2.5","4,222,467","1.4","153,982","5.5","131,407","1.5","3,937,077","1.5"
"North Carolina","31-33","Manufacturing","2021","7,169,770","0.5","102,627,287","0.6","91,887,876","0.6","6,476,150","0.8","760,054","1.1","1,653,705","0.8","1,849,503","1.3","26,168,626","0.7","D","D","D","D","26,139,324","0.7","13,105,763","0.6","3,727,626","0.9","9,305,935","1.7","28,688,280","1.0","12,921,553","0.9","4,292,027","0.8","11,474,700","2.0","6,725,054","3.7","1,479,924","8.0","5,245,130","3.4","192,659","7.4","139,518","2.6","4,912,953","3.6"
"North Dakota","31-33","Manufacturing","2018","450,406","1.3","9,453,268","0.2","8,566,263","0.2","575,937","0.5","90,192","0.1","133,615","0.4","87,261","12.1","1,788,948","0.4","D","D","D","D","1,665,968","1.1","763,872","0.5","202,072","1.5","700,025","2.0","1,772,034","0.8","741,813","0.3","224,034","1.3","806,187","1.3","321,619","3.1","47,033","2.0","274,587","3.5","17,093","1.2","13,759","34.0","243,735","3.2"
"North Dakota","31-33","Manufacturing","2019","444,468","0.6","8,815,792","0.4","7,680,127","0.5","795,579","0.4","86,810","1.5","158,261","0.3","95,016","4.8","2,278,650","0.2","D","D","D","D","1,588,585","0.8","604,686","1.5","164,612","1.5","819,287","0.8","1,582,560","0.4","573,578","2.5","215,063","4.6","793,918","1.1","579,323","2.1","40,019","7.7","539,304","1.9","15,669","7.8","7,048","3.3","516,586","1.8"
"North Dakota","31-33","Manufacturing","2020","422,354","0.8","7,776,555","0.6","6,763,099","0.6","704,551","0.7","80,754","1.6","147,476","0.5","80,675","5.7","2,064,277","0.4","D","D","D","D","1,530,166","0.9","547,125","3.4","207,591","4.9","775,450","1.2","1,621,739","1.0","620,528","3.0","182,509","4.4","818,702","1.4","1,221,419","1.0","78,672","5.2","1,142,746","0.8","13,970","10.2","7,135","3.4","1,121,642","0.7"
"North Dakota","31-33","Manufacturing","2021","472,674","0.7","11,399,614","0.5","9,976,420","0.5","988,617","0.6","117,054","1.1","217,018","0.5","100,506","6.5","2,988,792","0.4","D","D","D","D","1,566,823","1.3","D","D","D","D","787,836","1.4","2,281,019","0.8","D","D","D","D","1,289,886","1.0","305,374","2.6","47,332","6.8","258,042","2.1","7,986","13.5","5,673","4.4","244,382","1.9"
"Ohio","31-33","Manufacturing","2018","12,196,680","0.4","187,771,353","0.3","173,217,086","0.4","7,097,453","1.0","1,461,621","0.6","2,967,796","0.7","3,027,396","1.1","41,209,056","0.6","690,676","1.9","357,497","0.0","32,171,237","0.5","12,709,414","1.0","6,907,409","0.3","12,554,415","0.5","34,277,711","0.9","13,399,714","1.2","7,671,843","2.9","13,206,153","0.6","9,396,863","2.7","1,536,316","2.2","7,860,548","3.0","376,745","6.3","313,097","5.1","7,170,706","3.1"
"Ohio","31-33","Manufacturing","2019","12,350,218","0.6","184,828,837","0.3","169,660,626","0.3","7,951,953","0.9","1,365,187","0.8","2,783,823","1.0","3,067,248","1.7","40,141,859","1.2","1,023,087","2.6","341,693","0.4","33,487,366","0.5","12,911,083","0.7","7,343,514","0.7","13,232,769","0.6","33,771,402","0.6","12,939,642","1.0","7,408,696","0.9","13,423,064","0.7","9,294,592","1.0","1,544,630","2.1","7,749,962","1.0","313,900","9.1","248,233","1.5","7,187,829","1.0"
"Ohio","31-33","Manufacturing","2020","11,809,475","0.6","162,765,574","0.3","150,327,929","0.4","6,505,554","1.3","1,088,416","0.9","2,388,831","1.0","2,454,845","1.5","36,450,388","1.3","970,457","1.7","777,953","0.3","33,509,193","0.6","12,874,645","1.0","7,313,178","1.0","13,321,369","0.8","33,017,373","0.6","12,603,988","1.0","6,825,550","1.0","13,587,836","0.7","8,495,845","1.1","1,632,746","2.0","6,863,099","1.1","277,086","5.1","231,894","2.1","6,354,119","1.1"
"Ohio","31-33","Manufacturing","2021","12,258,880","0.6","181,937,235","0.3","168,002,271","0.4","7,320,961","1.7","1,416,480","0.8","2,619,263","1.1","2,578,260","1.7","38,592,930","1.3","888,566","1.4","786,332","0.5","32,918,722","0.7","12,544,317","1.1","6,787,736","1.1","13,586,669","0.8","39,987,147","0.5","14,456,887","0.7","8,715,660","0.5","16,814,599","0.8","9,818,916","1.3","1,671,110","2.0","8,147,805","1.3","261,065","5.3","204,180","2.6","7,682,561","1.3"
"Oklahoma","31-33","Manufacturing","2018","2,071,049","0.4","42,961,022","0.3","38,011,553","0.3","3,237,687","0.9","416,580","0.6","528,303","0.4","766,898","2.4","10,141,976","0.4","D","D","D","D","7,084,742","0.9","2,934,603","1.5","1,509,830","1.3","2,640,309","0.9","7,765,408","1.0","3,214,220","1.1","1,610,597","1.0","2,940,590","1.6","1,673,386","1.7","262,380","2.8","1,411,006","1.7","110,237","4.3","34,338","3.0","1,266,431","1.7"
"Oklahoma","31-33","Manufacturing","2019","2,172,661","0.6","39,738,520","0.3","35,104,545","0.3","2,899,664","0.4","436,005","0.6","529,542","0.6","768,764","1.8","10,085,658","0.4","D","D","D","D","7,603,617","0.7","3,217,905","1.1","1,543,530","1.1","2,842,183","1.4","7,735,416","0.7","3,265,490","0.8","1,599,455","1.2","2,870,471","1.5","2,000,362","1.1","316,203","3.4","1,684,159","0.9","91,020","3.8","37,223","1.9","1,555,916","0.9"
"Oklahoma","31-33","Manufacturing","2020","1,963,515","1.0","30,789,057","0.4","27,049,391","0.5","2,392,346","0.6","317,520","0.6","439,381","0.6","590,419","2.7","9,112,079","0.5","D","D","D","D","7,429,781","0.8","3,053,491","1.1","1,544,539","1.3","2,831,751","1.6","6,713,737","0.8","2,810,088","1.0","1,288,734","1.3","2,614,914","1.6","1,800,549","4.5","353,183","4.5","1,447,366","5.3","105,198","27.9","45,024","3.2","1,297,143","3.6"
"Oklahoma","31-33","Manufacturing","2021","1,984,455","1.0","39,690,014","0.4","35,012,193","0.4","3,137,521","0.5","534,360","0.6","503,706","0.7","502,233","3.4","9,679,998","0.5","D","D","D","D","6,608,377","1.0","2,760,358","1.3","1,262,202","1.1","2,585,817","1.8","7,676,544","0.7","3,198,590","0.8","1,500,357","1.1","2,977,597","1.3","1,866,369","3.2","283,706","7.6","1,582,663","3.0","69,444","10.0","39,571","4.1","1,473,648","3.0"
"Oregon","31-33","Manufacturing","2018","3,459,688","0.5","33,612,469","0.6","29,815,610","0.6","1,240,464","4.3","337,868","1.6","1,484,084","0.4","734,443","1.5","28,025,850","0.3","172,780","0.5","139,828","0.0","7,829,971","1.3","2,420,268","4.0","2,120,358","0.8","3,289,345","0.4","8,627,479","0.5","2,786,291","1.2","2,262,673","0.5","3,578,515","0.4","2,955,329","1.7","492,642","4.8","2,462,687","1.5","90,490","13.1","115,094","10.6","2,257,103","1.3"
"Oregon","31-33","Manufacturing","2019","3,703,492","0.4","34,830,571","0.5","31,016,563","0.5","1,141,140","3.4","366,879","1.0","1,507,795","0.2","798,195","2.2","28,740,343","0.1","175,595","0.1","D","D","8,768,218","1.7","2,828,396","3.4","2,343,619","4.2","3,596,203","0.6","8,889,429","0.7","3,052,748","1.4","2,336,531","1.1","3,500,150","0.6","2,626,253","1.2","399,932","2.0","2,226,322","1.3","66,273","12.4","90,918","4.7","2,069,130","1.2"
"Oregon","31-33","Manufacturing","2020","3,407,318","0.5","32,208,708","0.6","28,564,841","0.6","1,126,229","3.2","324,547","1.4","1,539,364","0.2","653,727","5.1","29,704,514","0.2","146,990","0.1","D","D","8,706,563","1.7","3,083,223","3.4","2,357,288","3.7","3,266,052","0.8","8,845,582","1.0","3,081,635","1.8","2,353,354","2.0","3,410,593","0.8","2,637,011","1.4","407,637","5.6","2,229,374","1.1","59,458","4.5","85,857","3.5","2,084,059","1.2"
"Oregon","31-33","Manufacturing","2021","3,440,409","0.7","35,887,416","0.6","32,028,364","0.6","1,229,743","3.4","384,414","1.6","1,586,096","0.2","658,799","4.4","29,332,477","0.2","157,024","0.1","135,291","0.1","8,703,449","2.0","3,020,826","3.9","2,404,658","4.4","3,277,964","0.9","9,708,140","0.9","3,306,020","1.6","2,585,743","1.4","3,816,376","1.0","2,518,837","1.2","405,232","3.6","2,113,605","1.0","59,389","6.0","94,167","2.8","1,960,049","1.0"
"Pennsylvania","31-33","Manufacturing","2018","9,857,645","0.3","123,759,302","0.2","113,262,133","0.2","4,112,354","1.4","1,180,722","0.7","1,989,032","0.3","3,215,061","0.6","30,325,070","0.3","1,802,691","0.3","209,727","0.1","28,041,158","0.3","11,271,257","0.6","6,810,226","0.5","9,959,675","0.4","29,323,995","0.3","11,818,268","0.4","6,616,966","0.4","10,888,761","0.4","6,374,035","1.4","1,092,907","3.9","5,281,127","1.4","304,009","4.8","287,964","11.9","4,689,154","1.3"
"Pennsylvania","31-33","Manufacturing","2019","9,962,904","0.3","115,054,123","0.3","104,714,470","0.3","4,346,806","2.9","1,148,246","0.7","1,864,504","2.0","2,980,097","0.9","28,604,919","2.6","2,211,784","0.1","270,777","0.0","28,787,975","0.4","11,921,034","0.7","6,615,964","0.6","10,250,977","0.5","29,183,454","0.4","11,790,729","0.6","6,889,020","0.6","10,503,705","0.5","6,138,144","1.4","1,090,489","2.3","5,047,655","1.4","208,495","3.0","217,629","1.1","4,621,531","1.5"
"Pennsylvania","31-33","Manufacturing","2020","9,306,659","0.4","102,695,981","0.4","93,363,090","0.4","4,052,550","2.9","958,149","1.0","1,599,698","0.8","2,722,495","1.3","24,919,577","0.6","1,645,177","0.1","233,700","0.1","28,955,798","0.6","11,572,443","0.8","6,918,740","1.3","10,464,615","0.7","28,980,854","0.5","11,560,937","0.6","6,866,235","1.2","10,553,683","0.6","5,548,558","1.8","1,230,632","3.1","4,317,926","1.8","212,166","7.8","195,155","2.8","3,910,605","1.8"
"Pennsylvania","31-33","Manufacturing","2021","9,630,828","0.4","119,357,177","0.4","108,842,297","0.4","4,580,133","2.9","1,098,200","1.0","1,818,701","1.0","3,017,845","1.5","27,623,147","0.9","1,563,631","0.2","218,598","0.1","29,019,597","0.5","11,629,335","0.7","6,841,950","1.2","10,548,312","0.7","33,872,121","0.6","12,815,098","0.9","7,805,486","0.9","13,251,537","0.6","6,246,716","1.9","1,130,378","3.6","5,116,338","1.9","270,997","11.5","259,309","2.6","4,586,031","1.7"
"Rhode Island","31-33","Manufacturing","2018","761,952","0.4","6,314,453","0.3","5,747,418","0.3","219,341","2.2","57,882","1.3","112,247","0.5","177,565","1.6","857,226","0.9","D","D","0","X","1,806,599","0.6","511,163","1.9","613,816","0.6","681,620","0.7","1,988,773","0.5","547,887","1.4","676,504","0.5","764,382","0.9","464,862","2.9","129,008","3.8","335,854","3.5","13,663","9.3","9,465","4.4","312,725","3.5"
"Rhode Island","31-33","Manufacturing","2019","753,202","1.0","5,797,367","0.6","5,235,816","0.5","205,356","7.7","56,789","0.9","109,580","1.3","189,826","6.6","769,758","2.1","D","D","D","D","1,827,594","0.8","538,858","1.7","574,574","0.8","714,162","0.9","1,918,580","0.9","565,136","1.8","637,671","0.5","715,773","1.1","364,417","3.9","83,243","5.5","281,174","4.0","14,455","20.9","10,923","4.1","255,796","3.6"
"Rhode Island","31-33","Manufacturing","2020","727,141","1.0","5,911,412","0.8","5,493,125","0.7","147,879","11.1","52,767","1.7","99,865","2.1","117,777","11.3","766,105","2.6","D","D","D","D","1,898,590","1.1","551,161","2.3","590,916","0.8","756,513","1.1","1,919,965","0.9","570,324","1.7","581,623","0.8","768,018","1.1","399,049","4.3","73,056","11.1","325,993","3.1","12,245","18.6","9,821","4.2","303,926","2.5"
"Rhode Island","31-33","Manufacturing","2021","788,192","1.0","6,373,319","0.7","5,902,186","0.7","169,415","10.0","61,314","1.7","110,902","1.8","129,501","9.5","840,279","2.2","D","D","582 (s)","81.6","1,913,568","1.0","565,572","2.2","577,243","0.8","770,753","1.0","2,233,975","0.8","659,646","1.6","557,627","0.9","1,016,702","1.0","427,964","5.9","90,390","9.8","337,574","6.3","14,591","21.1","11,384","4.9","311,599","6.5"
"South Carolina","31-33","Manufacturing","2018","4,082,514","0.3","84,174,501","0.4","78,556,079","0.3","2,183,553","4.4","701,962","0.4","1,551,370","0.3","1,181,538","0.8","26,048,718","0.2","1,010,170","0.1","345,166","0.0","24,169,597","0.2","4,906,406","0.8","14,247,833","0.1","5,015,359","0.4","23,750,645","0.2","5,097,936","0.5","12,938,673","0.1","5,714,036","0.5","4,132,471","1.1","678,784","2.0","3,453,687","1.3","175,489","13.3","85,037","1.5","3,193,162","1.1"
"South Carolina","31-33","Manufacturing","2019","4,334,317","0.3","82,344,516","0.3","77,071,012","0.3","2,040,055","1.8","630,067","0.4","1,436,982","0.8","1,166,400","0.7","24,899,191","0.8","1,002,024","0.1","349,925","0.1","23,375,293","0.1","4,509,295","0.7","12,959,994","0.1","5,906,004","0.6","26,329,743","0.1","4,681,636","0.8","15,667,835","0.1","5,980,273","0.4","3,906,239","5.0","546,395","1.5","3,359,844","5.8","145,519","4.9","93,482","1.4","3,120,844","6.2"
"South Carolina","31-33","Manufacturing","2020","4,071,453","0.4","71,688,952","0.3","67,155,630","0.3","1,605,442","3.6","573,526","1.1","1,250,255","1.1","1,104,100","0.7","20,947,416","1.1","959,703","0.0","363,221","0.0","26,374,508","0.2","4,695,196","1.3","15,659,504","0.1","6,019,807","1.0","30,848,327","0.1","4,372,406","0.6","20,461,673","0.1","6,014,249","0.7","4,059,495","5.1","609,831","1.2","3,449,664","6.0","151,326","3.7","106,631","2.3","3,191,707","6.4"
"South Carolina","31-33","Manufacturing","2021","4,219,630","0.4","78,649,924","0.3","73,528,087","0.3","1,871,653","3.1","666,516","0.6","1,357,557","1.0","1,226,112","0.8","22,169,426","1.1","850,708","0.0","D","D","30,448,756","0.2","D","D","D","D","5,868,653","0.6","46,977,216","0.1","5,051,435","0.6","34,700,796","0.1","7,224,985","0.7","3,344,682","8.1","568,607","1.6","2,776,075","9.7","146,489","15.6","85,918","2.8","2,543,669","10.4"
"South Dakota","31-33","Manufacturing","2018","628,371","0.6","10,125,589","0.3","9,429,337","0.4","297,288","1.6","138,986","0.3","166,992","2.1","92,986","1.2","2,314,924","2.0","D","D","0","X","1,548,363","1.3","531,023","2.5","389,373","1.2","627,967","1.0","1,711,016","1.1","540,177","2.1","412,125","1.6","758,714","0.9","409,697","5.0","49,921","6.8","359,776","4.7","24,255","14.1","15,661","2.5","319,860","5.0"
"South Dakota","31-33","Manufacturing","2019","641,585","1.4","10,537,649","1.2","9,877,345","1.4","262,256","17.5","134,108","0.2","167,645","0.8","96,296","5.7","2,278,400","0.8","D","D","0","X","1,651,838","1.2","D","D","D","D","745,814","1.9","1,760,777","1.4","574,827","2.3","403,522","2.3","782,428","1.3","422,327","2.3","83,658","1.9","338,669","2.5","20,767","10.4","13,001","14.5","304,901","1.8"
"South Dakota","31-33","Manufacturing","2020","624,540","1.2","11,180,519","1.3","10,575,270","1.5","220,294","22.3","119,586","0.3","175,260","1.1","90,108","6.7","2,435,356","1.8","D","D","0","X","1,739,241","1.4","553,492","3.1","401,816","2.5","783,934","2.3","1,847,444","1.6","621,129","3.1","396,171","2.5","830,145","1.8","388,932","9.4","67,429","25.3","321,503","8.0","19,530","5.5","9,463","7.4","292,510","8.6"
"South Dakota","31-33","Manufacturing","2021","668,554","1.1","13,119,458","1.4","12,384,273","1.5","257,981","20.5","188,059","0.3","198,097","0.6","91,049","6.7","2,757,411","0.5","D","D","0","X","1,789,692","1.3","D","D","D","D","806,634","1.5","2,307,582","1.6","773,842","2.1","451,496","2.6","1,082,245","2.1","538,742","5.5","114,591","13.7","424,151","4.6","20,149","5.2","14,526","3.3","389,476","4.9"
"Tennessee","31-33","Manufacturing","2018","5,557,986","0.3","89,144,958","0.2","84,231,757","0.2","1,840,632","1.8","741,174","0.5","1,487,737","0.3","843,657","1.7","21,736,524","0.3","2,364,342","0.1","D","D","13,990,126","0.3","5,893,071","0.6","2,066,242","0.6","6,030,812","0.5","15,103,012","0.4","6,372,652","0.4","2,202,209","1.1","6,528,152","0.7","5,256,414","0.9","1,038,052","0.8","4,218,361","1.0","200,473","7.9","107,777","1.5","3,910,111","0.9"
"Tennessee","31-33","Manufacturing","2019","5,899,107","0.6","86,858,784","0.3","81,742,951","0.3","2,143,425","3.0","693,558","1.1","1,472,402","0.9","806,448","2.4","21,133,781","0.8","2,342,984","0.2","D","D","14,945,974","0.6","6,363,209","0.7","2,072,184","1.8","6,510,581","0.6","15,124,989","0.6","6,354,452","0.9","1,995,967","1.3","6,774,570","0.8","4,985,366","2.2","908,494","2.7","4,076,873","2.4","151,199","3.6","101,507","4.1","3,824,168","2.5"
"Tennessee","31-33","Manufacturing","2020","5,428,514","0.6","79,196,830","0.5","74,334,345","0.5","2,064,947","2.8","622,754","1.3","1,380,507","1.0","794,276","3.1","20,151,801","1.0","1,970,562","0.2","D","D","14,890,715","0.7","6,303,815","1.0","1,876,186","2.1","6,710,714","0.9","14,676,372","0.6","6,152,641","0.9","1,893,692","1.1","6,630,039","0.8","5,436,277","3.0","1,194,341","3.8","4,241,936","3.2","136,153","6.7","114,387","3.5","3,991,396","3.3"
"Tennessee","31-33","Manufacturing","2021","5,686,597","0.6","89,338,390","0.6","84,143,556","0.7","2,162,180","2.8","734,432","1.3","1,467,508","0.9","830,715","3.4","20,895,500","0.9","1,875,043","0.2","D","D","14,622,379","0.7","6,111,610","0.9","1,859,837","2.1","6,650,932","0.9","17,505,733","0.8","7,057,225","1.3","2,342,306","1.1","8,106,203","0.9","6,362,163","1.6","1,439,190","3.8","4,922,972","1.4","128,722","7.9","158,326","18.3","4,635,924","1.3"
"Texas","31-33","Manufacturing","2018","15,273,467","0.3","396,937,935","0.1","366,834,121","0.1","15,480,864","0.3","6,078,253","0.1","4,512,503","0.2","4,032,194","0.5","84,289,224","0.2","27,102,153","0.3","8,937,541","0.1","50,227,013","0.4","20,658,092","0.5","12,309,663","0.3","17,259,258","0.6","53,041,783","0.4","21,708,523","0.6","12,502,227","0.5","18,831,033","0.6","23,172,337","0.5","4,950,031","0.7","18,222,306","0.6","483,510","3.0","455,938","1.0","17,282,859","0.6"
"Texas","31-33","Manufacturing","2019","15,814,106","0.3","362,027,079","0.3","335,274,361","0.3","13,437,706","0.9","5,270,454","0.1","4,436,206","0.2","3,608,352","2.0","81,467,790","0.3","26,724,595","0.1","9,124,340","0.1","51,788,946","0.6","21,093,304","0.4","12,447,586","2.3","18,248,056","0.4","53,151,785","0.4","21,051,227","0.4","12,879,887","1.1","19,220,671","0.4","19,555,850","0.6","3,241,687","1.2","16,314,162","0.5","456,054","2.2","556,533","1.0","15,301,575","0.5"
"Texas","31-33","Manufacturing","2020","15,512,662","0.3","280,380,829","0.5","259,992,894","0.4","9,718,891","1.4","4,480,462","0.2","3,837,644","0.2","2,350,938 (s)","44.7","77,188,079","0.3","29,977,043","0.1","8,966,250","0.1","53,286,612","0.5","21,335,884","0.5","12,821,640","2.1","19,129,088","0.5","49,960,551","0.4","19,614,568","0.6","11,907,283","1.3","18,438,700","0.4","18,490,720","0.9","3,727,103","1.9","14,763,617","0.9","505,489","5.6","455,748","1.8","13,802,380","0.9"
"Texas","31-33","Manufacturing","2021","16,168,858","0.4","385,722,552","0.4","356,783,569","0.3","14,009,086","1.0","7,273,350","0.2","5,094,504","0.7","2,562,043 (s)","41.0","87,916,561","0.9","29,614,015","0.1","9,717,203","0.1","49,792,197","0.6","19,439,174","0.6","11,973,101","2.3","18,379,921","0.5","59,036,656","1.5","23,972,859","1.7","12,902,459","0.7","22,161,338","2.0","17,338,879","1.0","3,590,897","1.2","13,747,982","1.2","485,482","4.2","434,420","1.9","12,828,081","1.2"
"Utah","31-33","Manufacturing","2018","2,091,929","0.4","33,972,087","0.2","31,349,678","0.2","1,437,459","2.8","220,124","0.6","422,900","0.6","541,927","1.5","6,431,986","0.4","D","D","D","D","5,898,468","0.5","2,155,374","0.7","1,277,724","1.2","2,465,369","0.3","6,315,802","0.5","2,283,771","0.6","1,299,909","1.5","2,732,122","0.4","2,869,267","0.7","536,937","1.2","2,332,330","0.7","53,517","4.5","67,660","2.0","2,211,153","0.7"
"Utah","31-33","Manufacturing","2019","2,177,081","0.6","30,259,338","0.4","27,846,205","0.4","1,250,206","1.7","206,706","0.7","440,774","0.4","515,447","1.8","6,562,358","0.4","D","D","D","D","6,385,709","0.6","2,273,171","1.2","1,416,425","0.6","2,696,113","0.8","6,365,318","0.7","2,279,476","1.8","1,414,736","0.8","2,671,106","0.7","1,847,293","2.0","301,361","2.4","1,545,932","2.1","47,362","4.7","49,697","2.7","1,448,874","2.2"
"Utah","31-33","Manufacturing","2020","2,196,924","0.7","28,541,019","0.5","26,173,259","0.5","1,196,847","2.3","186,483","0.9","435,149","0.7","549,281","3.0","6,439,478","0.5","D","D","D","D","6,263,120","0.7","2,301,290","1.4","1,431,793","0.8","2,530,038","0.8","6,572,352","0.8","2,399,476","1.6","1,491,437","1.0","2,681,439","1.0","1,960,294","1.6","530,923","3.2","1,429,371","1.4","44,482","7.8","43,227","2.1","1,341,663","1.4"
"Utah","31-33","Manufacturing","2021","2,327,869","0.7","33,911,281","0.5","31,422,691","0.5","1,237,989","2.8","239,759","0.8","470,275","0.6","540,568","3.2","6,943,125","0.6","D","D","D","D","6,604,365","0.8","2,410,447","1.4","1,506,974","1.0","2,686,943","1.0","7,505,593","1.0","2,545,885","1.5","1,703,059","1.5","3,256,648","1.2","1,942,888","1.8","550,511","3.3","1,392,377","1.9","44,596","5.6","37,961","1.6","1,309,820","1.9"
"Vermont","31-33","Manufacturing","2018","560,749","0.4","4,271,297","1.5","3,915,286","0.5","74,534 (s)","74.6","45,023","1.0","106,273","1.4","130,181","0.6","894,910","1.4","2,747","0.4","0","X","1,013,404","0.6","340,383","1.2","222,288","1.3","450,734","0.4","1,259,345","2.0","419,317","0.2","308,991","4.2","531,037","2.5","313,595","4.6","69,329","9.6","244,266","4.5","9,468","28.5","22,035 (s)","42.3","212,762","2.0"
"Vermont","31-33","Manufacturing","2019","526,053","1.0","4,421,177","1.2","4,003,527","1.1","136,960","10.7","47,733","5.1","105,931","3.2","127,025","4.5","1,087,939","2.4","1,790","0.0","0","X","1,342,479","0.7","D","D","D","D","595,699","0.8","1,382,617","0.5","486,591","1.0","342,073","0.9","553,953","0.6","231,696","6.0","34,773","12.8","196,923","5.5","7,776","4.7","8,101","6.0","181,045","5.8"
"Vermont","31-33","Manufacturing","2020","531,214","1.4","4,335,158","1.4","3,938,602","1.3","125,162","10.1","40,249","6.0","105,613","3.2","125,532","4.5","1,046,353","2.4","D","D","1,474 (s)","47.4","1,381,504","0.7","482,074","1.1","345,727","0.9","553,703","0.8","1,358,578","3.5","452,385","2.8","360,057","8.8","546,135","0.7","248,929","9.2","52,253","15.1","196,677","8.1","21,337 (s)","51.3","7,245","11.5","168,094","5.4"
"Vermont","31-33","Manufacturing","2021","533,399","1.5","4,871,588","1.3","4,427,093","1.3","142,242","7.2","47,012","5.5","110,779","3.1","144,461","3.6","1,034,354","2.4","1,743","0.0","0","X","1,347,735","3.5","D","D","D","D","537,318","0.9","1,585,395","3.3","492,685","2.9","508,358","6.8","584,353","0.8","232,626","9.8","53,932","14.7","178,695","8.7","11,710","19.3","5,897","14.0","161,087","7.9"
"Virginia","31-33","Manufacturing","2018","4,682,902","0.5","45,373,355","0.3","41,236,910","0.4","1,536,044","5.7","543,551","0.4","916,787","0.6","1,140,063","2.1","12,638,988","0.5","1,760,762","0.1","0","X","10,816,832","0.5","4,025,970","0.8","2,170,843","1.2","4,620,019","0.5","12,054,843","0.4","4,468,809","0.8","2,591,074","0.6","4,994,960","0.5","3,028,442","5.0","716,723","10.3","2,311,719","3.5","113,008","8.8","74,810","3.3","2,123,901","3.6"
"Virginia","31-33","Manufacturing","2019","4,636,262","0.3","45,034,714","0.3","40,618,918","0.3","1,625,028","2.2","552,433","0.6","927,428","0.5","1,310,908","1.1","12,856,376","0.6","2,036,763","0.1","D","D","11,766,116","0.3","4,383,593","0.8","2,536,819","0.4","4,845,705","0.4","11,465,679","0.3","4,346,224","0.8","2,385,226","0.4","4,734,229","0.6","3,146,181","2.0","908,077","0.7","2,238,104","2.6","79,380","11.7","76,884","3.5","2,081,839","2.7"
"Virginia","31-33","Manufacturing","2020","4,653,719","0.3","42,905,054","0.3","38,787,578","0.3","1,454,710","1.8","518,208","0.9","898,166","0.6","1,246,391","1.5","12,572,103","0.7","2,036,112","0.1","D","D","11,342,850","0.5","4,297,308","0.9","2,339,626","0.6","4,705,916","0.7","11,118,602","0.5","3,959,527","1.2","2,434,433","0.5","4,724,642","0.6","3,321,656","1.4","1,164,534","2.2","2,157,122","1.5","178,255","7.0","63,945","3.7","1,914,922","1.3"
"Virginia","31-33","Manufacturing","2021","4,776,813","0.3","48,028,530","0.3","43,474,134","0.3","1,696,676","1.7","565,371","0.9","946,166","0.5","1,346,182","1.7","13,149,698","0.6","1,773,056","0.1","D","D","11,069,393","0.5","3,972,132","1.1","2,427,414","0.5","4,669,847","0.6","12,673,947","0.5","4,666,412","1.0","2,613,025","0.6","5,394,510","0.5","3,362,490","1.4","969,626","1.4","2,392,865","1.6","122,248","9.1","77,519","11.6","2,193,097","1.1"
"Washington","31-33","Manufacturing","2018","5,497,405","0.3","66,513,054","0.2","61,209,060","0.2","2,054,395","1.9","664,874","0.4","1,274,269","0.3","1,310,457","0.7","18,775,835","0.3","2,351,845","0.1","1,746,785","0.0","40,812,511","0.1","5,307,898","0.6","31,267,434","0.1","4,237,179","0.6","39,406,692","0.2","5,227,106","0.6","29,631,379","0.1","4,548,207","1.1","3,726,566","2.1","546,845","3.5","3,179,720","2.4","130,719","4.1","160,058","4.2","2,888,943","2.5"
"Washington","31-33","Manufacturing","2019","5,615,618","0.4","64,506,217","0.3","59,424,211","0.3","1,760,643","2.6","910,770","0.6","1,070,091","0.5","1,340,501","1.4","17,601,995","0.4","2,400,656","0.1","1,805,824","0.1","38,960,553","0.3","D","D","D","D","4,541,150","0.9","50,737,026","0.2","4,828,654","1.1","41,391,607","0.1","4,516,765","0.9","3,176,560","1.7","566,628","4.5","2,609,932","1.7","94,926","9.3","143,345","14.4","2,371,662","1.3"
"Washington","31-33","Manufacturing","2020","5,485,814","0.8","64,031,695","0.6","59,384,716","0.6","1,589,558","2.0","651,579","1.1","1,059,539","0.7","1,346,303","2.1","18,447,282","0.5","2,160,047","0.1","1,758,598","0.1","50,538,917","0.2","4,787,797","1.4","41,324,773","0.1","4,426,347","0.9","53,200,283","0.2","6,516,275","0.8","41,304,443","0.2","5,379,565","0.9","2,693,707","1.9","441,600","3.6","2,252,107","1.9","88,549","13.2","95,181","7.6","2,068,376","1.6"
"Washington","31-33","Manufacturing","2021","5,322,834","0.8","61,879,043","0.6","56,487,389","0.7","1,950,866","2.0","811,008","0.9","1,213,396","0.6","1,416,383","2.1","20,808,166","0.5","1,869,980","0.1","1,393,951","0.0","53,242,111","0.3","6,544,064","1.1","41,276,429","0.2","5,421,618","0.9","39,381,788","0.4","D","D","D","D","6,289,630","1.1","2,724,191","2.5","508,849","4.1","2,215,343","2.6","87,782","9.2","107,932","7.6","2,019,629","2.4"
"West Virginia","31-33","Manufacturing","2018","964,432","0.6","13,641,028","1.1","12,133,515","1.2","814,362","0.5","174,082","1.0","396,726","0.6","122,344","1.1","6,723,104","0.5","D","D","D","D","3,198,496","1.3","1,270,068","2.5","706,304","0.4","1,222,124","1.4","3,312,434","1.2","1,274,678","2.2","720,798","2.9","1,316,957","0.9","972,555","4.9","195,392","5.7","777,163","5.0","21,198","8.6","26,574","3.2","729,391","5.1"
"West Virginia","31-33","Manufacturing","2019","959,820","0.6","13,076,593","0.4","11,475,314","0.4","924,350","2.8","173,120","1.3","376,206","0.8","127,603","3.7","6,683,140","0.7","D","D","D","D","3,207,301","1.3","1,233,553","1.9","684,341","0.9","1,289,407","1.2","3,164,791","0.7","1,233,071","1.7","677,082","0.6","1,254,638","0.5","876,666","1.1","212,968","1.7","663,697","1.4","31,997","3.4","13,273","2.6","618,427","1.4"
"West Virginia","31-33","Manufacturing","2020","932,757","0.7","11,471,187","0.5","10,552,987","0.5","301,348","8.8","136,392","1.7","360,903","0.9","119,557","5.8","5,901,001","0.8","D","D","D","D","3,060,922","1.1","1,218,834","1.4","638,659","1.0","1,203,429","1.3","2,891,097","0.8","1,207,078","1.8","572,762","0.8","1,111,258","0.6","695,881","0.8","123,241","2.6","572,640","0.6","19,386","8.7","10,205","4.5","543,050","0.5"
"West Virginia","31-33","Manufacturing","2021","973,673","0.7","13,655,349","0.4","12,478,507","0.5","416,869","6.4","200,459","1.2","417,327","1.6","142,187","6.7","6,563,915","1.6","D","D","D","D","2,862,696","1.3","1,180,854","1.5","570,828","1.2","1,111,013","1.4","3,418,435","1.0","1,422,791","2.3","715,532","0.7","1,280,112","0.5","786,754","2.4","155,048","4.0","631,707","2.6","21,133","7.5","9,699","2.2","600,874","2.7"
"Wisconsin","31-33","Manufacturing","2018","7,904,583","0.3","96,870,258","0.2","88,764,078","0.2","3,584,717","1.9","772,829","0.6","1,706,237","0.9","2,042,398","1.2","21,132,587","0.9","1,403,783","0.3","49,381","0.1","20,331,930","0.3","8,535,880","0.4","3,858,485","0.7","7,937,566","0.5","21,722,421","0.5","8,689,174","0.6","4,171,373","0.5","8,861,873","0.9","5,905,124","2.2","1,312,359","2.5","4,592,765","2.6","219,773","10.0","233,798","2.4","4,139,194","2.8"
"Wisconsin","31-33","Manufacturing","2019","8,011,730","0.4","96,220,828","0.8","88,020,209","0.8","3,766,023","2.0","765,968","1.4","1,647,933","0.8","2,020,695","2.4","20,684,676","0.9","1,350,120","0.4","33,994","8.4","21,439,499","0.7","8,589,347","0.9","4,142,092","0.6","8,708,059","0.8","21,855,293","0.5","8,897,985","0.5","4,299,991","1.1","8,657,317","0.6","5,949,256","2.8","1,256,341","2.0","4,692,915","3.4","144,786","4.3","173,245","3.6","4,374,884","3.6"
"Wisconsin","31-33","Manufacturing","2020","7,782,287","0.5","94,220,315","1.0","86,495,111","1.1","3,506,589","2.4","689,666","1.5","1,565,169","1.0","1,963,780","2.3","19,348,384","1.0","733,118","0.7","15,837","4.2","21,587,812","0.9","8,852,523","1.3","4,287,043","1.8","8,448,246","0.9","21,734,182","0.7","8,750,445","1.0","4,359,477","1.6","8,624,260","0.8","6,167,090","2.7","1,272,617","1.8","4,894,473","3.2","172,249","4.8","203,573","4.0","4,518,651","3.4"
"Wisconsin","31-33","Manufacturing","2021","8,210,378","0.5","104,119,859","0.5","95,764,827","0.5","3,652,635","2.9","876,964","1.7","1,683,221","0.9","2,142,212","2.1","20,353,170","0.8","747,905","0.7","30,671","1.9","21,414,800","0.9","8,590,830","1.3","4,234,849","1.7","8,589,121","1.1","25,678,212","0.7","9,692,221","1.1","5,049,155","2.4","10,936,836","0.8","6,629,670","3.9","1,714,781","2.6","4,914,889","5.0","170,370","5.3","231,200","4.0","4,513,319","5.4"
"Wyoming","31-33","Manufacturing","2018","203,672","1.8","6,161,177","0.1","5,446,263","0.1","203,556","0.1","175,643","0.1","170,079","0.1","165,635","0.3","2,551,621","0.1","D","D","0","X","794,742","0.3","358,770","0.6","135,038","0.3","300,934","0.2","866,963","0.8","385,885","1.7","154,498","0.3","326,579","0.3","400,732","1.4","215,030","1.6","185,702","2.0","10,887","33.7","6,175","0.3","168,641","0.3"
"Wyoming","31-33","Manufacturing","2019","225,321","1.9","6,147,491","0.8","5,440,767","0.9","154,567","1.1","173,735","1.1","185,100","0.3","193,322","0.7","2,769,334","0.4","D","D","0","X","874,404","0.7","D","D","D","D","333,878","0.7","851,563","0.7","399,019","0.5","148,141","1.9","304,404","0.7","337,504","0.8","121,947","0.7","215,557","0.9","8,118","15.1","5,808","0.9","201,631","0.5"
"Wyoming","31-33","Manufacturing","2020","216,748","1.2","4,470,320","1.5","3,900,945","1.6","128,813","1.8","140,418","1.3","166,264","0.4","133,880","1.0","2,585,958","0.4","D","D","0","X","856,308","0.7","402,869","0.4","146,049","2.7","307,389","1.1","823,395","0.6","378,647","0.4","136,901","1.4","307,847","1.2","294,869","2.1","129,118","1.6","165,751","3.2","15,059","10.5","6,521","2.1","144,172","3.4"
"Wyoming","31-33","Manufacturing","2021","231,106","1.4","4,662,870","1.3","4,209,493","1.4","57,136","3.5","142,804","1.5","160,419","0.5","93,018","1.9","2,496,808","0.5","D","D","0","X","818,813","0.6","D","D","D","D","302,591","1.1","1,044,494","0.5","D","D","D","D","387,160","0.8","421,462","5.3","275,324","3.2","146,138","12.7","12,433","11.5","16,331","7.3","117,373","13.9"